Unnamed: 0_level_0,Unnamed: 1_level_0,Unnamed: 2_level_0,Unnamed: 3_level_0,Unnamed: 4_level_0,Playing Time,Playing Time,Playing Time,Performance,Performance,Performance,Performance,Performance,Performance,Performance,Performance,Expected,Expected,Expected,Expected,Progression,Progression,Progression,Per 90 Minutes,Per 90 Minutes,Per 90 Minutes,Per 90 Minutes,Per 90 Minutes,Per 90 Minutes,Per 90 Minutes,Per 90 Minutes,Per 90 Minutes,Per 90 Minutes,Unnamed: 33_level_0,team,Playing Time
Player,Nation,Pos,Age,MP,Starts,Min,90s,Gls,Ast,G+A,G-PK,PK,PKatt,CrdY,CrdR,xG,npxG,xAG,npxG+xAG,PrgC,PrgP,PrgR,Gls,Ast,G+A,G-PK,G+A-PK,xG,xAG,xG+xAG,npxG,npxG+xAG,Matches,,MP
Rodri,es ESP,MF,27.0,34.0,34,2931.0,32.6,8.0,9.0,17.0,8.0,0.0,0.0,8.0,1.0,4.1,4.1,3.9,8.0,76.0,376.0,55.0,0.25,0.28,0.52,0.25,0.52,0.12,0.12,0.24,0.12,0.24,Matches,Manchester City,
Phil Foden,eng ENG,"FW,MF",23.0,35.0,33,2857.0,31.7,19.0,8.0,27.0,19.0,0.0,0.0,2.0,0.0,10.3,10.3,8.4,18.7,93.0,168.0,269.0,0.6,0.25,0.85,0.6,0.85,0.33,0.26,0.59,0.33,0.59,Matches,Manchester City,
Ederson,br BRA,GK,29.0,33.0,33,2785.0,30.9,0.0,0.0,0.0,0.0,0.0,0.0,5.0,0.0,0.0,0.0,0.1,0.1,0.0,4.0,0.0,0.0,0.0,0.0,0.0,0.0,0.0,0.0,0.0,0.0,0.0,Matches,Manchester City,
Julián Álvarez,ar ARG,"MF,FW",23.0,36.0,31,2647.0,29.4,11.0,8.0,19.0,9.0,2.0,2.0,2.0,0.0,13.0,11.5,6.4,17.9,64.0,103.0,180.0,0.37,0.27,0.65,0.31,0.58,0.44,0.22,0.66,0.39,0.61,Matches,Manchester City,
Kyle Walker,eng ENG,DF,33.0,32.0,30,2767.0,30.7,0.0,4.0,4.0,0.0,0.0,0.0,2.0,0.0,0.4,0.4,2.6,3.0,74.0,157.0,172.0,0.0,0.13,0.13,0.0,0.13,0.01,0.09,0.1,0.01,0.1,Matches,Manchester City,
Bernardo Silva,pt POR,"MF,FW",28.0,33.0,29,2578.0,28.6,6.0,9.0,15.0,6.0,0.0,0.0,8.0,0.0,3.7,3.7,7.6,11.3,140.0,177.0,260.0,0.21,0.31,0.52,0.21,0.52,0.13,0.27,0.4,0.13,0.4,Matches,Manchester City,
Erling Haaland,no NOR,FW,23.0,31.0,29,2552.0,28.4,27.0,5.0,32.0,20.0,7.0,8.0,1.0,0.0,29.2,22.9,4.3,27.2,35.0,26.0,126.0,0.95,0.18,1.13,0.71,0.88,1.03,0.15,1.18,0.81,0.96,Matches,Manchester City,
Rúben Dias,pt POR,DF,26.0,30.0,28,2559.0,28.4,0.0,0.0,0.0,0.0,0.0,0.0,0.0,0.0,1.4,1.4,0.3,1.7,34.0,173.0,16.0,0.0,0.0,0.0,0.0,0.0,0.05,0.01,0.06,0.05,0.06,Matches,Manchester City,
Manuel Akanji,ch SUI,"DF,MF",28.0,30.0,28,2511.0,27.9,2.0,0.0,2.0,2.0,0.0,0.0,4.0,1.0,1.9,1.9,0.5,2.4,46.0,148.0,36.0,0.07,0.0,0.07,0.07,0.07,0.07,0.02,0.09,0.07,0.09,Matches,Manchester City,
Joško Gvardiol,hr CRO,DF,21.0,28.0,26,2328.0,25.9,4.0,1.0,5.0,4.0,0.0,0.0,3.0,0.0,3.1,3.1,1.4,4.5,63.0,136.0,115.0,0.15,0.04,0.19,0.15,0.19,0.12,0.06,0.18,0.12,0.18,Matches,Manchester City,
Nathan Aké,nl NED,DF,28.0,29.0,24,2042.0,22.7,2.0,2.0,4.0,2.0,0.0,0.0,0.0,0.0,2.5,2.5,1.2,3.7,24.0,116.0,18.0,0.09,0.09,0.18,0.09,0.18,0.11,0.05,0.16,0.11,0.16,Matches,Manchester City,
Jeremy Doku,be BEL,"FW,MF",21.0,29.0,18,1595.0,17.7,3.0,8.0,11.0,3.0,0.0,0.0,3.0,0.0,2.5,2.5,4.6,7.1,218.0,57.0,295.0,0.17,0.45,0.62,0.17,0.62,0.14,0.26,0.4,0.14,0.4,Matches,Manchester City,
Mateo Kovačić,hr CRO,MF,29.0,30.0,16,1551.0,17.2,1.0,0.0,1.0,1.0,0.0,0.0,4.0,0.0,1.3,1.3,1.6,2.9,37.0,100.0,38.0,0.06,0.0,0.06,0.06,0.06,0.07,0.09,0.17,0.07,0.17,Matches,Manchester City,
Kevin De Bruyne,be BEL,MF,32.0,18.0,15,1221.0,13.6,4.0,10.0,14.0,4.0,0.0,0.0,2.0,0.0,2.4,2.4,11.5,14.0,47.0,111.0,133.0,0.29,0.74,1.03,0.29,1.03,0.18,0.85,1.03,0.18,1.03,Matches,Manchester City,
John Stones,eng ENG,"DF,MF",29.0,16.0,12,1064.0,11.8,1.0,0.0,1.0,1.0,0.0,0.0,2.0,0.0,1.0,1.0,0.2,1.3,16.0,57.0,24.0,0.08,0.0,0.08,0.08,0.08,0.09,0.02,0.11,0.09,0.11,Matches,Manchester City,
Jack Grealish,eng ENG,"FW,MF",27.0,20.0,10,1009.0,11.2,3.0,1.0,4.0,3.0,0.0,0.0,6.0,0.0,2.1,2.1,2.5,4.6,87.0,50.0,146.0,0.27,0.09,0.36,0.27,0.36,0.19,0.22,0.41,0.19,0.41,Matches,Manchester City,
Rico Lewis,eng ENG,"DF,MF",18.0,16.0,8,809.0,9.0,2.0,0.0,2.0,2.0,0.0,0.0,1.0,0.0,0.6,0.6,1.1,1.8,21.0,33.0,46.0,0.22,0.0,0.22,0.22,0.22,0.07,0.12,0.19,0.07,0.19,Matches,Manchester City,
Matheus Nunes,pt POR,MF,24.0,17.0,7,661.0,7.3,0.0,2.0,2.0,0.0,0.0,0.0,0.0,0.0,0.8,0.8,1.1,2.0,28.0,34.0,58.0,0.0,0.27,0.27,0.0,0.27,0.11,0.15,0.27,0.11,0.27,Matches,Manchester City,
Stefan Ortega,de GER,GK,30.0,9.0,5,635.0,7.1,0.0,0.0,0.0,0.0,0.0,0.0,0.0,0.0,0.0,0.0,0.0,0.0,0.0,0.0,0.0,0.0,0.0,0.0,0.0,0.0,0.0,0.0,0.0,0.0,0.0,Matches,Manchester City,
Oscar Bobb,no NOR,"FW,MF",20.0,14.0,2,302.0,3.4,1.0,1.0,2.0,1.0,0.0,0.0,0.0,0.0,1.4,1.4,1.2,2.6,13.0,25.0,38.0,0.3,0.3,0.6,0.3,0.6,0.41,0.37,0.78,0.41,0.78,Matches,Manchester City,
Kalvin Phillips,eng ENG,MF,27.0,4.0,0,93.0,1.0,0.0,0.0,0.0,0.0,0.0,0.0,0.0,0.0,0.1,0.1,0.0,0.1,7.0,7.0,3.0,0.0,0.0,0.0,0.0,0.0,0.07,0.0,0.07,0.07,0.07,Matches,Manchester City,
Sergio Gómez,es ESP,"FW,MF",22.0,6.0,0,53.0,0.6,0.0,1.0,1.0,0.0,0.0,0.0,0.0,0.0,0.2,0.2,0.2,0.4,4.0,2.0,4.0,0.0,1.7,1.7,0.0,1.7,0.41,0.31,0.73,0.41,0.73,Matches,Manchester City,
Aymeric Laporte,es ESP,DF,29.0,1.0,0,12.0,0.1,0.0,0.0,0.0,0.0,0.0,0.0,0.0,0.0,0.0,0.0,0.0,0.0,0.0,0.0,0.0,0.0,0.0,0.0,0.0,0.0,0.27,0.0,0.27,0.27,0.27,Matches,Manchester City,
Cole Palmer,eng ENG,MF,21.0,1.0,0,11.0,0.1,0.0,0.0,0.0,0.0,0.0,0.0,0.0,0.0,0.0,0.0,0.0,0.0,0.0,0.0,0.0,0.0,0.0,0.0,0.0,0.0,0.0,0.0,0.0,0.0,0.0,Matches,Manchester City,
James Mcatee,eng ENG,MF,20.0,1.0,0,1.0,0.0,0.0,0.0,0.0,0.0,0.0,0.0,0.0,0.0,0.0,0.0,0.0,0.0,0.0,0.0,0.0,0.0,0.0,0.0,0.0,0.0,0.0,0.0,0.0,0.0,0.0,Matches,Manchester City,
Scott Carson,eng ENG,GK,37.0,0.0,0,,,,,,,,,,,,,,,,,,,,,,,,,,,,Matches,Manchester City,
Micah Hamilton,eng ENG,MF,19.0,0.0,0,,,,,,,,,,,,,,,,,,,,,,,,,,,,Matches,Manchester City,
Máximo Perrone,ar ARG,MF,20.0,0.0,0,,,,,,,,,,,,,,,,,,,,,,,,,,,,Matches,Manchester City,
Mahamadou Susoho,es ESP,DF,18.0,0.0,0,,,,,,,,,,,,,,,,,,,,,,,,,,,,Matches,Manchester City,
Jacob Wright,eng ENG,MF,17.0,0.0,0,,,,,,,,,,,,,,,,,,,,,,,,,,,,Matches,Manchester City,
Squad Total,,,26.6,38.0,418,3420.0,38.0,94.0,69.0,163.0,85.0,9.0,10.0,53.0,2.0,80.5,72.9,60.2,133.1,1127.0,2060.0,2032.0,2.47,1.82,4.29,2.24,4.05,2.12,1.58,3.7,1.92,3.5,,Manchester City,
Opponent Total,,,26.4,38.0,418,3420.0,38.0,33.0,23.0,56.0,30.0,3.0,3.0,93.0,2.0,35.6,33.2,26.4,59.6,470.0,824.0,822.0,0.87,0.61,1.47,0.79,1.39,0.94,0.69,1.63,0.87,1.57,,Manchester City,
William Saliba,fr FRA,DF,22.0,38.0,38,3420.0,38.0,2.0,1.0,3.0,2.0,0.0,0.0,4.0,0.0,1.6,1.6,0.2,1.8,16.0,157.0,6.0,0.05,0.03,0.08,0.05,0.08,0.04,0.01,0.05,0.04,0.05,Matches,Arsenal,
Declan Rice,eng ENG,MF,24.0,38.0,37,3225.0,35.8,7.0,8.0,15.0,7.0,0.0,0.0,5.0,0.0,3.3,3.3,5.3,8.6,75.0,278.0,64.0,0.2,0.22,0.42,0.2,0.42,0.09,0.15,0.24,0.09,0.24,Matches,Arsenal,
Martin Ødegaard,no NOR,MF,24.0,35.0,35,3091.0,34.3,8.0,10.0,18.0,6.0,2.0,2.0,2.0,0.0,7.4,5.8,9.6,15.5,91.0,344.0,202.0,0.23,0.29,0.52,0.17,0.47,0.22,0.28,0.5,0.17,0.45,Matches,Arsenal,
Ben White,eng ENG,DF,25.0,37.0,35,2988.0,33.2,4.0,4.0,8.0,4.0,0.0,0.0,8.0,0.0,1.2,1.2,3.8,5.0,44.0,192.0,162.0,0.12,0.12,0.24,0.12,0.24,0.03,0.11,0.15,0.03,0.15,Matches,Arsenal,
Bukayo Saka,eng ENG,FW,21.0,35.0,35,2919.0,32.4,16.0,9.0,25.0,10.0,6.0,6.0,4.0,0.0,15.5,10.8,10.5,21.2,155.0,126.0,508.0,0.49,0.28,0.77,0.31,0.59,0.48,0.32,0.8,0.33,0.65,Matches,Arsenal,
Gabriel Magalhães,br BRA,DF,25.0,36.0,34,3044.0,33.8,4.0,0.0,4.0,4.0,0.0,0.0,4.0,0.0,4.3,4.3,0.7,5.0,13.0,117.0,8.0,0.12,0.0,0.12,0.12,0.12,0.13,0.02,0.15,0.13,0.15,Matches,Arsenal,
David Raya,es ESP,GK,27.0,32.0,32,2880.0,32.0,0.0,0.0,0.0,0.0,0.0,0.0,2.0,0.0,0.0,0.0,0.0,0.0,0.0,2.0,0.0,0.0,0.0,0.0,0.0,0.0,0.0,0.0,0.0,0.0,0.0,Matches,Arsenal,
Kai Havertz,de GER,"MF,FW",24.0,37.0,30,2634.0,29.3,13.0,7.0,20.0,12.0,1.0,1.0,11.0,0.0,12.3,11.6,4.4,15.9,55.0,99.0,191.0,0.44,0.24,0.68,0.41,0.65,0.42,0.15,0.57,0.39,0.54,Matches,Arsenal,
Gabriel Martinelli,br BRA,FW,22.0,35.0,24,2019.0,22.4,6.0,4.0,10.0,6.0,0.0,0.0,1.0,0.0,6.8,6.8,6.1,12.9,127.0,65.0,345.0,0.27,0.18,0.45,0.27,0.45,0.31,0.27,0.58,0.31,0.58,Matches,Arsenal,
Oleksandr Zinchenko,ua UKR,DF,26.0,27.0,20,1722.0,19.1,1.0,2.0,3.0,1.0,0.0,0.0,2.0,0.0,0.6,0.6,2.5,3.1,40.0,229.0,58.0,0.05,0.1,0.16,0.05,0.16,0.03,0.13,0.16,0.03,0.16,Matches,Arsenal,
Leandro Trossard,be BEL,"FW,MF",28.0,34.0,18,1649.0,18.3,12.0,1.0,13.0,12.0,0.0,0.0,2.0,0.0,7.9,7.9,2.8,10.7,66.0,76.0,155.0,0.65,0.05,0.71,0.65,0.71,0.43,0.15,0.58,0.43,0.58,Matches,Arsenal,
Gabriel Jesus,br BRA,FW,26.0,27.0,17,1478.0,16.4,4.0,5.0,9.0,4.0,0.0,0.0,6.0,0.0,6.3,6.3,3.8,10.1,38.0,42.0,155.0,0.24,0.3,0.55,0.24,0.55,0.39,0.23,0.62,0.39,0.62,Matches,Arsenal,
Jakub Kiwior,pl POL,DF,23.0,20.0,11,946.0,10.5,1.0,3.0,4.0,1.0,0.0,0.0,1.0,0.0,0.8,0.8,0.9,1.7,4.0,55.0,16.0,0.1,0.29,0.38,0.1,0.38,0.08,0.09,0.16,0.08,0.16,Matches,Arsenal,
Takehiro Tomiyasu,jp JPN,DF,24.0,22.0,10,1149.0,12.8,2.0,1.0,3.0,2.0,0.0,0.0,2.0,1.0,1.5,1.5,0.4,1.9,17.0,72.0,37.0,0.16,0.08,0.23,0.16,0.23,0.12,0.03,0.15,0.12,0.15,Matches,Arsenal,
Eddie Nketiah,eng ENG,FW,24.0,27.0,10,1082.0,12.0,5.0,2.0,7.0,5.0,0.0,0.0,3.0,0.0,4.5,4.5,0.8,5.4,22.0,20.0,77.0,0.42,0.17,0.58,0.42,0.58,0.38,0.07,0.45,0.38,0.45,Matches,Arsenal,
Jorginho,it ITA,MF,31.0,24.0,10,921.0,10.2,0.0,2.0,2.0,0.0,0.0,0.0,1.0,0.0,0.1,0.1,1.4,1.5,8.0,101.0,8.0,0.0,0.2,0.2,0.0,0.2,0.01,0.13,0.14,0.01,0.14,Matches,Arsenal,
Thomas Partey,gh GHA,"MF,DF",30.0,14.0,9,788.0,8.8,0.0,0.0,0.0,0.0,0.0,0.0,3.0,0.0,0.4,0.4,0.3,0.7,15.0,72.0,10.0,0.0,0.0,0.0,0.0,0.0,0.05,0.03,0.08,0.05,0.08,Matches,Arsenal,
Aaron Ramsdale,eng ENG,GK,25.0,6.0,6,540.0,6.0,0.0,0.0,0.0,0.0,0.0,0.0,0.0,0.0,0.0,0.0,0.0,0.0,0.0,2.0,0.0,0.0,0.0,0.0,0.0,0.0,0.0,0.0,0.0,0.0,0.0,Matches,Arsenal,
Emile Smith Rowe,eng ENG,MF,23.0,13.0,3,353.0,3.9,0.0,1.0,1.0,0.0,0.0,0.0,0.0,0.0,2.0,2.0,0.2,2.2,11.0,23.0,18.0,0.0,0.25,0.25,0.0,0.25,0.5,0.06,0.56,0.5,0.56,Matches,Arsenal,
Fabio Vieira,pt POR,"MF,FW",23.0,11.0,2,297.0,3.3,1.0,2.0,3.0,0.0,1.0,1.0,0.0,1.0,1.3,0.5,1.6,2.1,12.0,15.0,30.0,0.3,0.61,0.91,0.0,0.61,0.38,0.49,0.87,0.14,0.64,Matches,Arsenal,
Reiss Nelson,eng ENG,FW,23.0,15.0,1,268.0,3.0,0.0,0.0,0.0,0.0,0.0,0.0,1.0,0.0,0.2,0.2,0.6,0.8,9.0,5.0,26.0,0.0,0.0,0.0,0.0,0.0,0.07,0.2,0.27,0.07,0.27,Matches,Arsenal,
Jurriën Timber,nl NED,DF,22.0,2.0,1,71.0,0.8,0.0,0.0,0.0,0.0,0.0,0.0,2.0,0.0,0.0,0.0,0.0,0.0,0.0,8.0,5.0,0.0,0.0,0.0,0.0,0.0,0.0,0.0,0.0,0.0,0.0,Matches,Arsenal,
Cédric Soares,pt POR,DF,31.0,3.0,0,62.0,0.7,0.0,0.0,0.0,0.0,0.0,0.0,0.0,0.0,0.0,0.0,0.0,0.0,0.0,3.0,6.0,0.0,0.0,0.0,0.0,0.0,0.0,0.0,0.0,0.0,0.0,Matches,Arsenal,
Mohamed Elneny,eg EGY,MF,31.0,3.0,0,28.0,0.3,0.0,0.0,0.0,0.0,0.0,0.0,0.0,0.0,0.1,0.1,0.0,0.1,1.0,1.0,0.0,0.0,0.0,0.0,0.0,0.0,0.26,0.0,0.26,0.26,0.26,Matches,Arsenal,
Ethan Nwaneri,eng ENG,FW,16.0,1.0,0,14.0,0.2,0.0,0.0,0.0,0.0,0.0,0.0,0.0,0.0,0.0,0.0,0.0,0.0,2.0,2.0,1.0,0.0,0.0,0.0,0.0,0.0,0.0,0.15,0.15,0.0,0.15,Matches,Arsenal,
Mauro Bandeira,pt POR,MF,19.0,0.0,0,,,,,,,,,,,,,,,,,,,,,,,,,,,,Matches,Arsenal,
Bradley Ibrahim,eng ENG,MF,18.0,0.0,0,,,,,,,,,,,,,,,,,,,,,,,,,,,,Matches,Arsenal,
Karl Jakob Hein,ee EST,GK,21.0,0.0,0,,,,,,,,,,,,,,,,,,,,,,,,,,,,Matches,Arsenal,
Myles Lewis-Skelly,eng ENG,MF,16.0,0.0,0,,,,,,,,,,,,,,,,,,,,,,,,,,,,Matches,Arsenal,
Charles Sagoe Jr,eng ENG,FW,19.0,0.0,0,,,,,,,,,,,,,,,,,,,,,,,,,,,,Matches,Arsenal,
James Sweet,wls WAL,DF,19.0,0.0,0,,,,,,,,,,,,,,,,,,,,,,,,,,,,Matches,Arsenal,
Reuell Walters,eng ENG,DF,18.0,0.0,0,,,,,,,,,,,,,,,,,,,,,,,,,,,,Matches,Arsenal,
Squad Total,,,25.0,38.0,418,3420.0,38.0,86.0,62.0,148.0,76.0,10.0,10.0,64.0,2.0,76.1,68.5,55.3,123.8,821.0,2106.0,2088.0,2.26,1.63,3.89,2.0,3.63,2.0,1.46,3.46,1.8,3.26,,Arsenal,
Opponent Total,,,26.3,38.0,418,3420.0,38.0,28.0,20.0,48.0,26.0,2.0,3.0,82.0,2.0,27.9,25.7,19.9,45.6,534.0,938.0,922.0,0.74,0.53,1.26,0.68,1.21,0.73,0.52,1.26,0.68,1.2,,Arsenal,
Virgil van Dijk,nl NED,DF,32.0,36.0,36,3177.0,35.3,2.0,2.0,4.0,2.0,0.0,0.0,3.0,1.0,2.8,2.8,1.6,4.4,32.0,200.0,7.0,0.06,0.06,0.11,0.06,0.11,0.08,0.04,0.12,0.08,0.12,Matches,Liverpool,
Luis Díaz,co COL,FW,26.0,37.0,32,2629.0,29.2,8.0,5.0,13.0,8.0,0.0,0.0,3.0,0.0,11.9,11.9,5.7,17.5,137.0,113.0,302.0,0.27,0.17,0.45,0.27,0.45,0.41,0.19,0.6,0.41,0.6,Matches,Liverpool,
Alexis Mac Allister,ar ARG,MF,24.0,33.0,31,2599.0,28.9,5.0,5.0,10.0,4.0,1.0,1.0,7.0,1.0,3.7,2.9,3.6,6.4,44.0,209.0,48.0,0.17,0.17,0.35,0.14,0.31,0.13,0.12,0.25,0.1,0.22,Matches,Liverpool,
Mohamed Salah,eg EGY,FW,31.0,32.0,28,2534.0,28.2,18.0,10.0,28.0,13.0,5.0,7.0,2.0,0.0,21.2,15.5,11.8,27.3,98.0,147.0,341.0,0.64,0.36,0.99,0.46,0.82,0.75,0.42,1.17,0.55,0.97,Matches,Liverpool,
Alisson,br BRA,GK,30.0,28.0,28,2520.0,28.0,0.0,0.0,0.0,0.0,0.0,0.0,1.0,0.0,0.0,0.0,0.0,0.0,0.0,5.0,0.0,0.0,0.0,0.0,0.0,0.0,0.0,0.0,0.0,0.0,0.0,Matches,Liverpool,
Trent Alexander-Arnold,eng ENG,DF,24.0,28.0,25,2155.0,23.9,3.0,4.0,7.0,3.0,0.0,0.0,6.0,0.0,2.6,2.3,7.2,9.5,45.0,205.0,97.0,0.13,0.17,0.29,0.13,0.29,0.11,0.3,0.41,0.1,0.4,Matches,Liverpool,
Dominik Szoboszlai,hu HUN,MF,22.0,33.0,25,2104.0,23.4,3.0,2.0,5.0,3.0,0.0,0.0,1.0,0.0,3.7,3.7,5.8,9.5,75.0,152.0,160.0,0.13,0.09,0.21,0.13,0.21,0.16,0.25,0.4,0.16,0.4,Matches,Liverpool,
Darwin Núñez,uy URU,FW,24.0,36.0,22,2047.0,22.7,11.0,8.0,19.0,11.0,0.0,1.0,9.0,0.0,16.3,15.5,6.0,21.5,58.0,54.0,206.0,0.48,0.35,0.84,0.48,0.84,0.72,0.27,0.98,0.68,0.95,Matches,Liverpool,
Wataru Endo,jp JPN,MF,30.0,29.0,20,1722.0,19.1,1.0,0.0,1.0,1.0,0.0,0.0,10.0,0.0,0.5,0.5,1.7,2.3,10.0,101.0,21.0,0.05,0.0,0.05,0.05,0.05,0.03,0.09,0.12,0.03,0.12,Matches,Liverpool,
Andrew Robertson,sct SCO,DF,29.0,23.0,18,1693.0,18.8,3.0,2.0,5.0,3.0,0.0,0.0,2.0,0.0,1.9,1.9,5.4,7.3,63.0,140.0,130.0,0.16,0.11,0.27,0.16,0.27,0.1,0.29,0.39,0.1,0.39,Matches,Liverpool,
Joe Gomez,eng ENG,DF,26.0,32.0,17,1786.0,19.8,0.0,1.0,1.0,0.0,0.0,0.0,5.0,0.0,0.8,0.8,1.3,2.1,44.0,100.0,105.0,0.0,0.05,0.05,0.0,0.05,0.04,0.07,0.1,0.04,0.1,Matches,Liverpool,
Cody Gakpo,nl NED,"FW,MF",24.0,35.0,17,1649.0,18.3,8.0,5.0,13.0,8.0,0.0,0.0,1.0,0.0,9.0,9.0,2.9,11.8,43.0,83.0,130.0,0.44,0.27,0.71,0.44,0.71,0.49,0.16,0.64,0.49,0.64,Matches,Liverpool,
Ibrahima Konaté,fr FRA,DF,24.0,22.0,17,1574.0,17.5,0.0,0.0,0.0,0.0,0.0,0.0,5.0,1.0,0.7,0.7,0.4,1.1,24.0,118.0,3.0,0.0,0.0,0.0,0.0,0.0,0.04,0.02,0.06,0.04,0.06,Matches,Liverpool,
Curtis Jones,eng ENG,MF,22.0,23.0,14,1167.0,13.0,1.0,1.0,2.0,1.0,0.0,0.0,3.0,1.0,2.6,2.6,0.7,3.3,31.0,74.0,88.0,0.08,0.08,0.15,0.08,0.15,0.2,0.05,0.25,0.2,0.25,Matches,Liverpool,
Diogo Jota,pt POR,FW,26.0,21.0,14,1145.0,12.7,10.0,3.0,13.0,10.0,0.0,0.0,3.0,1.0,5.3,5.3,3.3,8.6,54.0,34.0,111.0,0.79,0.24,1.02,0.79,1.02,0.42,0.26,0.68,0.42,0.68,Matches,Liverpool,
Jarell Quansah,eng ENG,DF,20.0,17.0,13,1190.0,13.2,2.0,0.0,2.0,2.0,0.0,0.0,1.0,0.0,1.0,1.0,0.1,1.1,13.0,67.0,1.0,0.15,0.0,0.15,0.15,0.15,0.08,0.01,0.08,0.08,0.08,Matches,Liverpool,
Ryan Gravenberch,nl NED,MF,21.0,26.0,12,1121.0,12.5,1.0,0.0,1.0,1.0,0.0,0.0,0.0,0.0,2.0,2.0,0.9,2.9,39.0,78.0,71.0,0.08,0.0,0.08,0.08,0.08,0.16,0.07,0.23,0.16,0.23,Matches,Liverpool,
Harvey Elliott,eng ENG,"MF,FW",20.0,34.0,11,1352.0,15.0,3.0,6.0,9.0,3.0,0.0,0.0,2.0,0.0,2.7,2.7,3.5,6.2,44.0,128.0,122.0,0.2,0.4,0.6,0.2,0.6,0.18,0.23,0.42,0.18,0.42,Matches,Liverpool,
Caoimhín Kelleher,ie IRL,GK,24.0,10.0,10,900.0,10.0,0.0,0.0,0.0,0.0,0.0,0.0,0.0,0.0,0.0,0.0,0.0,0.0,0.0,1.0,0.0,0.0,0.0,0.0,0.0,0.0,0.0,0.0,0.0,0.0,0.0,Matches,Liverpool,
Conor Bradley,nir NIR,DF,20.0,11.0,10,753.0,8.4,1.0,3.0,4.0,1.0,0.0,0.0,2.0,0.0,0.9,0.9,1.5,2.3,35.0,29.0,64.0,0.12,0.36,0.48,0.12,0.48,0.1,0.17,0.28,0.1,0.28,Matches,Liverpool,
Joël Matip,cm CMR,DF,31.0,10.0,9,781.0,8.7,0.0,0.0,0.0,0.0,0.0,0.0,2.0,0.0,0.5,0.5,0.1,0.6,8.0,34.0,1.0,0.0,0.0,0.0,0.0,0.0,0.06,0.01,0.06,0.06,0.06,Matches,Liverpool,
Kostas Tsimikas,gr GRE,DF,27.0,13.0,8,679.0,7.5,0.0,3.0,3.0,0.0,0.0,0.0,0.0,0.0,0.1,0.1,1.0,1.1,24.0,31.0,73.0,0.0,0.4,0.4,0.0,0.4,0.01,0.14,0.15,0.01,0.15,Matches,Liverpool,
Bobby Clark,eng ENG,MF,18.0,5.0,1,89.0,1.0,0.0,0.0,0.0,0.0,0.0,0.0,0.0,0.0,0.1,0.1,0.0,0.1,3.0,3.0,7.0,0.0,0.0,0.0,0.0,0.0,0.14,0.0,0.14,0.14,0.14,Matches,Liverpool,
Stefan Bajcetic,es ESP,MF,18.0,1.0,0,26.0,0.3,0.0,0.0,0.0,0.0,0.0,0.0,0.0,0.0,0.0,0.0,0.0,0.0,0.0,1.0,0.0,0.0,0.0,0.0,0.0,0.0,0.0,0.0,0.0,0.0,0.0,Matches,Liverpool,
Ben Doak,sct SCO,FW,17.0,1.0,0,14.0,0.2,0.0,0.0,0.0,0.0,0.0,0.0,0.0,0.0,0.0,0.0,0.0,0.0,0.0,0.0,0.0,0.0,0.0,0.0,0.0,0.0,0.0,0.0,0.0,0.0,0.0,Matches,Liverpool,
Jayden Danns,eng ENG,FW,17.0,2.0,0,9.0,0.1,0.0,0.0,0.0,0.0,0.0,0.0,1.0,0.0,0.0,0.0,0.0,0.0,0.0,1.0,2.0,0.0,0.0,0.0,0.0,0.0,0.0,0.0,0.0,0.0,0.0,Matches,Liverpool,
Owen Beck,wls WAL,DF,20.0,1.0,0,8.0,0.1,0.0,0.0,0.0,0.0,0.0,0.0,0.0,0.0,0.0,0.0,0.0,0.0,0.0,0.0,1.0,0.0,0.0,0.0,0.0,0.0,0.0,0.0,0.0,0.0,0.0,Matches,Liverpool,
Thiago Alcántara,es ESP,MF,32.0,1.0,0,6.0,0.1,0.0,0.0,0.0,0.0,0.0,0.0,0.0,0.0,0.0,0.0,0.0,0.0,0.0,0.0,0.0,0.0,0.0,0.0,0.0,0.0,0.0,0.0,0.0,0.0,0.0,Matches,Liverpool,
James McConnell,eng ENG,MF,18.0,3.0,0,4.0,0.0,0.0,0.0,0.0,0.0,0.0,0.0,0.0,0.0,0.0,0.0,0.0,0.0,0.0,1.0,0.0,0.0,0.0,0.0,0.0,0.0,0.0,0.0,0.0,0.0,0.0,Matches,Liverpool,
Kaide Gordon,eng ENG,FW,18.0,1.0,0,1.0,0.0,0.0,0.0,0.0,0.0,0.0,0.0,0.0,0.0,0.0,0.0,0.0,0.0,0.0,1.0,0.0,0.0,0.0,0.0,0.0,0.0,0.0,0.0,0.0,0.0,0.0,Matches,Liverpool,
Adrián,es ESP,GK,36.0,0.0,0,,,,,,,,,,,,,,,,,,,,,,,,,,,,Matches,Liverpool,
Luke Chambers,eng ENG,DF,19.0,0.0,0,,,,,,,,,,,,,,,,,,,,,,,,,,,,Matches,Liverpool,
Lewis Koumas,wls WAL,MF,17.0,0.0,0,,,,,,,,,,,,,,,,,,,,,,,,,,,,Matches,Liverpool,
Fabian Mrozek,pl POL,GK,19.0,0.0,0,,,,,,,,,,,,,,,,,,,,,,,,,,,,Matches,Liverpool,
Amara Nallo,eng ENG,DF,16.0,0.0,0,,,,,,,,,,,,,,,,,,,,,,,,,,,,Matches,Liverpool,
Trey Nyoni,eng ENG,MF,16.0,0.0,0,,,,,,,,,,,,,,,,,,,,,,,,,,,,Matches,Liverpool,
Marcelo Pitaluga,br BRA,GK,20.0,0.0,0,,,,,,,,,,,,,,,,,,,,,,,,,,,,Matches,Liverpool,
Calum Scanlon,eng ENG,MF,18.0,0.0,0,,,,,,,,,,,,,,,,,,,,,,,,,,,,Matches,Liverpool,
Squad Total,,,26.3,38.0,418,3420.0,38.0,80.0,60.0,140.0,74.0,6.0,9.0,69.0,5.0,87.8,80.4,63.7,144.1,924.0,2110.0,2091.0,2.11,1.58,3.68,1.95,3.53,2.31,1.68,3.98,2.12,3.79,,Liverpool,
Opponent Total,,,26.2,38.0,418,3420.0,38.0,39.0,27.0,66.0,38.0,1.0,1.0,98.0,4.0,45.7,45.0,33.9,78.9,559.0,1154.0,1145.0,1.03,0.71,1.74,1.0,1.71,1.2,0.89,2.1,1.18,2.08,,Liverpool,
Ollie Watkins,eng ENG,FW,27.0,37.0,37,3217.0,35.7,19.0,13.0,32.0,19.0,0.0,0.0,4.0,0.0,16.8,16.8,7.3,24.2,62.0,55.0,214.0,0.53,0.36,0.9,0.53,0.9,0.47,0.21,0.68,0.47,0.68,Matches,Aston Villa,
Ezri Konsa,eng ENG,DF,25.0,35.0,35,3069.0,34.1,1.0,0.0,1.0,1.0,0.0,0.0,5.0,0.0,2.5,2.5,0.5,3.0,37.0,136.0,33.0,0.03,0.0,0.03,0.03,0.03,0.07,0.02,0.09,0.07,0.09,Matches,Aston Villa,
John McGinn,sct SCO,"MF,FW",28.0,35.0,35,2999.0,33.3,6.0,4.0,10.0,6.0,0.0,0.0,9.0,1.0,5.0,5.0,4.6,9.6,59.0,189.0,84.0,0.18,0.12,0.3,0.18,0.3,0.15,0.14,0.29,0.15,0.29,Matches,Aston Villa,
Douglas Luiz,br BRA,MF,25.0,35.0,35,2993.0,33.3,9.0,5.0,14.0,5.0,4.0,4.0,12.0,0.0,6.9,3.8,5.4,9.2,60.0,168.0,50.0,0.27,0.15,0.42,0.15,0.3,0.21,0.16,0.37,0.11,0.28,Matches,Aston Villa,
Emiliano Martínez,ar ARG,GK,30.0,34.0,34,3015.0,33.5,0.0,0.0,0.0,0.0,0.0,0.0,4.0,0.0,0.0,0.0,0.0,0.0,0.0,2.0,0.0,0.0,0.0,0.0,0.0,0.0,0.0,0.0,0.0,0.0,0.0,Matches,Aston Villa,
Pau Torres,es ESP,DF,26.0,29.0,27,2464.0,27.4,2.0,0.0,2.0,2.0,0.0,0.0,1.0,0.0,1.0,1.0,0.4,1.4,42.0,128.0,16.0,0.07,0.0,0.07,0.07,0.07,0.04,0.02,0.05,0.04,0.05,Matches,Aston Villa,
Lucas Digne,fr FRA,DF,30.0,33.0,27,2410.0,26.8,1.0,3.0,4.0,1.0,0.0,0.0,7.0,0.0,1.1,1.1,4.1,5.2,42.0,77.0,200.0,0.04,0.11,0.15,0.04,0.15,0.04,0.15,0.19,0.04,0.19,Matches,Aston Villa,
Moussa Diaby,fr FRA,"FW,MF",24.0,38.0,25,2174.0,24.2,6.0,8.0,14.0,6.0,0.0,0.0,1.0,0.0,7.0,7.0,6.6,13.6,94.0,72.0,183.0,0.25,0.33,0.58,0.25,0.58,0.29,0.27,0.56,0.29,0.56,Matches,Aston Villa,
Matty Cash,pl POL,DF,25.0,29.0,23,2142.0,23.8,2.0,2.0,4.0,2.0,0.0,0.0,8.0,0.0,4.2,4.2,2.3,6.5,62.0,88.0,101.0,0.08,0.08,0.17,0.08,0.17,0.18,0.1,0.27,0.18,0.27,Matches,Aston Villa,
Leon Bailey,jm JAM,"MF,FW",25.0,35.0,22,2068.0,23.0,10.0,9.0,19.0,10.0,0.0,0.0,5.0,0.0,6.3,6.3,9.2,15.5,102.0,82.0,226.0,0.44,0.39,0.83,0.44,0.83,0.27,0.4,0.67,0.27,0.67,Matches,Aston Villa,
Diego Carlos,br BRA,DF,30.0,27.0,20,1816.0,20.2,0.0,0.0,0.0,0.0,0.0,0.0,4.0,0.0,1.9,1.9,0.1,2.0,4.0,59.0,1.0,0.0,0.0,0.0,0.0,0.0,0.1,0.0,0.1,0.1,0.1,Matches,Aston Villa,
Boubacar Kamara,fr FRA,MF,23.0,20.0,20,1652.0,18.4,0.0,1.0,1.0,0.0,0.0,0.0,7.0,1.0,0.1,0.1,1.3,1.4,19.0,83.0,10.0,0.0,0.05,0.05,0.0,0.05,0.01,0.07,0.08,0.01,0.08,Matches,Aston Villa,
Youri Tielemans,be BEL,"MF,FW",26.0,32.0,17,1622.0,18.0,2.0,6.0,8.0,2.0,0.0,0.0,3.0,0.0,1.3,1.3,2.6,3.9,23.0,128.0,46.0,0.11,0.33,0.44,0.11,0.44,0.07,0.14,0.21,0.07,0.21,Matches,Aston Villa,
Clément Lenglet,fr FRA,DF,28.0,14.0,14,1153.0,12.8,0.0,1.0,1.0,0.0,0.0,0.0,3.0,0.0,0.9,0.9,0.8,1.6,26.0,51.0,1.0,0.0,0.08,0.08,0.0,0.08,0.07,0.06,0.13,0.07,0.13,Matches,Aston Villa,
Álex Moreno,es ESP,DF,30.0,21.0,11,1031.0,11.5,2.0,0.0,2.0,2.0,0.0,0.0,2.0,0.0,1.1,1.1,1.1,2.3,32.0,24.0,83.0,0.17,0.0,0.17,0.17,0.17,0.1,0.1,0.2,0.1,0.2,Matches,Aston Villa,
Nicolò Zaniolo,it ITA,"FW,MF",24.0,25.0,9,839.0,9.3,2.0,0.0,2.0,2.0,0.0,0.0,7.0,0.0,2.6,2.6,1.0,3.6,35.0,30.0,60.0,0.21,0.0,0.21,0.21,0.21,0.28,0.11,0.39,0.28,0.39,Matches,Aston Villa,
Jacob Ramsey,eng ENG,"FW,MF",22.0,16.0,8,853.0,9.5,1.0,1.0,2.0,1.0,0.0,0.0,2.0,0.0,2.2,2.2,1.0,3.2,33.0,28.0,69.0,0.11,0.11,0.21,0.11,0.21,0.23,0.11,0.34,0.23,0.34,Matches,Aston Villa,
Morgan Rogers,eng ENG,"MF,FW",21.0,11.0,8,638.0,7.1,3.0,1.0,4.0,3.0,0.0,0.0,3.0,0.0,1.4,1.4,0.6,2.0,22.0,28.0,30.0,0.42,0.14,0.56,0.42,0.56,0.19,0.09,0.28,0.19,0.28,Matches,Aston Villa,
Robin Olsen,se SWE,GK,33.0,5.0,4,405.0,4.5,0.0,0.0,0.0,0.0,0.0,0.0,0.0,0.0,0.0,0.0,0.0,0.0,0.0,0.0,0.0,0.0,0.0,0.0,0.0,0.0,0.0,0.0,0.0,0.0,0.0,Matches,Aston Villa,
Jhon Durán,co COL,"FW,MF",19.0,23.0,3,475.0,5.3,5.0,0.0,5.0,5.0,0.0,0.0,5.0,0.0,2.0,2.0,0.3,2.3,9.0,9.0,25.0,0.95,0.0,0.95,0.95,0.95,0.38,0.06,0.44,0.38,0.44,Matches,Aston Villa,
Tim Iroegbunam,eng ENG,MF,20.0,9.0,1,164.0,1.8,0.0,0.0,0.0,0.0,0.0,0.0,0.0,0.0,0.0,0.0,0.0,0.0,3.0,1.0,0.0,0.0,0.0,0.0,0.0,0.0,0.0,0.0,0.0,0.0,0.0,Matches,Aston Villa,
Calum Chambers,eng ENG,"MF,DF",28.0,5.0,1,152.0,1.7,0.0,1.0,1.0,0.0,0.0,0.0,1.0,0.0,0.0,0.0,0.1,0.1,0.0,5.0,1.0,0.0,0.59,0.59,0.0,0.59,0.0,0.06,0.06,0.0,0.06,Matches,Aston Villa,
Leander Dendoncker,be BEL,MF,28.0,8.0,1,119.0,1.3,1.0,0.0,1.0,1.0,0.0,0.0,0.0,0.0,0.7,0.7,0.0,0.7,0.0,3.0,2.0,0.76,0.0,0.76,0.76,0.76,0.56,0.0,0.56,0.56,0.56,Matches,Aston Villa,
Tyrone Mings,eng ENG,DF,30.0,1.0,1,30.0,0.3,0.0,0.0,0.0,0.0,0.0,0.0,0.0,0.0,0.0,0.0,0.0,0.0,0.0,0.0,0.0,0.0,0.0,0.0,0.0,0.0,0.02,0.07,0.09,0.02,0.09,Matches,Aston Villa,
Omari Kellyman,eng ENG,FW,17.0,2.0,0,37.0,0.4,0.0,0.0,0.0,0.0,0.0,0.0,0.0,0.0,0.1,0.1,0.0,0.1,1.0,0.0,0.0,0.0,0.0,0.0,0.0,0.0,0.17,0.0,0.17,0.17,0.17,Matches,Aston Villa,
Philippe Coutinho,br BRA,"MF,FW",31.0,2.0,0,25.0,0.3,0.0,0.0,0.0,0.0,0.0,0.0,0.0,0.0,0.1,0.1,0.0,0.1,5.0,5.0,2.0,0.0,0.0,0.0,0.0,0.0,0.52,0.0,0.52,0.52,0.52,Matches,Aston Villa,
Bertrand Traoré,bf BFA,"DF,FW",27.0,2.0,0,11.0,0.1,0.0,0.0,0.0,0.0,0.0,0.0,0.0,0.0,0.0,0.0,0.0,0.0,0.0,0.0,0.0,0.0,0.0,0.0,0.0,0.0,0.0,0.0,0.0,0.0,0.0,Matches,Aston Villa,
Cameron Archer,eng ENG,MF,22.0,1.0,0,6.0,0.1,0.0,0.0,0.0,0.0,0.0,0.0,1.0,0.0,0.0,0.0,0.0,0.0,1.0,0.0,0.0,0.0,0.0,0.0,0.0,0.0,0.0,0.0,0.0,0.0,0.0,Matches,Aston Villa,
Kaine Kesler-Hayden,eng ENG,"MF,DF",20.0,3.0,0,6.0,0.1,0.0,0.0,0.0,0.0,0.0,0.0,0.0,0.0,0.0,0.0,0.0,0.0,0.0,0.0,0.0,0.0,0.0,0.0,0.0,0.0,0.0,0.0,0.0,0.0,0.0,Matches,Aston Villa,
Finley Munroe,eng ENG,MF,18.0,1.0,0,4.0,0.0,0.0,0.0,0.0,0.0,0.0,0.0,0.0,0.0,0.0,0.0,0.0,0.0,0.0,0.0,0.0,0.0,0.0,0.0,0.0,0.0,0.0,0.0,0.0,0.0,0.0,Matches,Aston Villa,
Jaden Philogene Bidace,eng ENG,FW,21.0,1.0,0,4.0,0.0,0.0,0.0,0.0,0.0,0.0,0.0,0.0,0.0,0.0,0.0,0.0,0.0,2.0,0.0,1.0,0.0,0.0,0.0,0.0,0.0,0.0,0.0,0.0,0.0,0.0,Matches,Aston Villa,
Lander Emery,eng ENG,GK,20.0,0.0,0,,,,,,,,,,,,,,,,,,,,,,,,,,,,Matches,Aston Villa,
Joe Gauci,au AUS,GK,23.0,0.0,0,,,,,,,,,,,,,,,,,,,,,,,,,,,,Matches,Aston Villa,
Filip Marshall,eng ENG,GK,20.0,0.0,0,,,,,,,,,,,,,,,,,,,,,,,,,,,,Matches,Aston Villa,
Tommi O'Reilly,eng ENG,MF,19.0,0.0,0,,,,,,,,,,,,,,,,,,,,,,,,,,,,Matches,Aston Villa,
Sam Proctor,eng ENG,GK,16.0,0.0,0,,,,,,,,,,,,,,,,,,,,,,,,,,,,Matches,Aston Villa,
James Wright,eng ENG,GK,18.0,0.0,0,,,,,,,,,,,,,,,,,,,,,,,,,,,,Matches,Aston Villa,
Kadan Young,eng ENG,MF,17.0,0.0,0,,,,,,,,,,,,,,,,,,,,,,,,,,,,Matches,Aston Villa,
Oliwier Zych,pl POL,GK,19.0,0.0,0,,,,,,,,,,,,,,,,,,,,,,,,,,,,Matches,Aston Villa,
Squad Total,,,26.9,38.0,418,3420.0,38.0,72.0,55.0,127.0,68.0,4.0,4.0,94.0,2.0,63.3,60.3,48.6,108.9,775.0,1451.0,1438.0,1.89,1.45,3.34,1.79,3.24,1.67,1.28,2.95,1.59,2.87,,Aston Villa,
Opponent Total,,,26.2,38.0,418,3420.0,38.0,57.0,45.0,102.0,56.0,1.0,2.0,94.0,4.0,59.9,58.2,48.9,107.2,640.0,1255.0,1232.0,1.5,1.18,2.68,1.47,2.66,1.58,1.29,2.87,1.53,2.82,,Aston Villa,
Guglielmo Vicario,it ITA,GK,26.0,38.0,38,3420.0,38.0,0.0,0.0,0.0,0.0,0.0,0.0,2.0,0.0,0.0,0.0,0.0,0.0,0.0,3.0,0.0,0.0,0.0,0.0,0.0,0.0,0.0,0.0,0.0,0.0,0.0,Matches,Tottenham,
Pedro Porro,es ESP,DF,23.0,35.0,35,3089.0,34.3,3.0,7.0,10.0,3.0,0.0,0.0,3.0,0.0,2.9,2.9,7.2,10.1,57.0,194.0,158.0,0.09,0.2,0.29,0.09,0.29,0.09,0.21,0.3,0.09,0.3,Matches,Tottenham,
Son Heung-min,kr KOR,FW,31.0,35.0,34,2934.0,32.6,17.0,10.0,27.0,15.0,2.0,2.0,1.0,0.0,12.0,10.4,11.8,22.2,119.0,139.0,325.0,0.52,0.31,0.83,0.46,0.77,0.37,0.36,0.73,0.32,0.68,Matches,Tottenham,
Cristian Romero,ar ARG,DF,25.0,33.0,33,2790.0,31.0,5.0,0.0,5.0,5.0,0.0,0.0,7.0,1.0,3.5,3.5,0.4,3.9,32.0,179.0,8.0,0.16,0.0,0.16,0.16,0.16,0.11,0.01,0.13,0.11,0.13,Matches,Tottenham,
Dejan Kulusevski,se SWE,"FW,MF",23.0,36.0,31,2762.0,30.7,8.0,3.0,11.0,8.0,0.0,0.0,7.0,0.0,4.7,4.7,7.7,12.4,151.0,144.0,388.0,0.26,0.1,0.36,0.26,0.36,0.15,0.25,0.4,0.15,0.4,Matches,Tottenham,
Destiny Udogie,it ITA,DF,20.0,28.0,28,2391.0,26.6,2.0,3.0,5.0,2.0,0.0,0.0,7.0,1.0,2.4,2.4,2.2,4.6,83.0,155.0,138.0,0.08,0.11,0.19,0.08,0.19,0.09,0.08,0.17,0.09,0.17,Matches,Tottenham,
Micky van de Ven,nl NED,DF,22.0,27.0,27,2339.0,26.0,3.0,0.0,3.0,3.0,0.0,0.0,5.0,0.0,0.6,0.6,0.0,0.6,19.0,108.0,9.0,0.12,0.0,0.12,0.12,0.12,0.02,0.0,0.02,0.02,0.02,Matches,Tottenham,
Pape Matar Sarr,sn SEN,MF,20.0,34.0,27,2069.0,23.0,3.0,3.0,6.0,3.0,0.0,0.0,9.0,0.0,3.4,3.4,2.2,5.7,43.0,150.0,90.0,0.13,0.13,0.26,0.13,0.26,0.15,0.1,0.25,0.15,0.25,Matches,Tottenham,
James Maddison,eng ENG,MF,26.0,28.0,26,2135.0,23.7,4.0,9.0,13.0,4.0,0.0,0.0,5.0,0.0,6.4,6.4,5.9,12.4,58.0,224.0,156.0,0.17,0.38,0.55,0.17,0.55,0.27,0.25,0.52,0.27,0.52,Matches,Tottenham,
Yves Bissouma,ml MLI,MF,26.0,28.0,26,2068.0,23.0,0.0,0.0,0.0,0.0,0.0,0.0,10.0,2.0,1.4,1.4,0.4,1.8,43.0,169.0,13.0,0.0,0.0,0.0,0.0,0.0,0.06,0.02,0.08,0.06,0.08,Matches,Tottenham,
Brennan Johnson,wls WAL,FW,22.0,32.0,23,2085.0,23.2,5.0,10.0,15.0,5.0,0.0,0.0,3.0,0.0,10.3,10.3,8.1,18.3,97.0,72.0,293.0,0.22,0.43,0.65,0.22,0.65,0.44,0.35,0.79,0.44,0.79,Matches,Tottenham,
Richarlison,br BRA,FW,26.0,28.0,18,1491.0,16.6,11.0,4.0,15.0,11.0,0.0,0.0,3.0,0.0,9.6,9.6,2.1,11.7,26.0,38.0,106.0,0.66,0.24,0.91,0.66,0.91,0.58,0.13,0.7,0.58,0.7,Matches,Tottenham,
Rodrigo Bentancur,uy URU,MF,26.0,23.0,13,1005.0,11.2,1.0,1.0,2.0,1.0,0.0,0.0,7.0,0.0,1.9,1.9,0.5,2.4,16.0,72.0,31.0,0.09,0.09,0.18,0.09,0.18,0.17,0.04,0.22,0.17,0.22,Matches,Tottenham,
Ben Davies,wls WAL,DF,30.0,17.0,12,1090.0,12.1,1.0,0.0,1.0,1.0,0.0,0.0,2.0,0.0,2.3,2.3,0.4,2.7,13.0,71.0,20.0,0.08,0.0,0.08,0.08,0.08,0.19,0.03,0.23,0.19,0.23,Matches,Tottenham,
Emerson,br BRA,DF,24.0,22.0,11,1161.0,12.9,1.0,0.0,1.0,1.0,0.0,0.0,4.0,0.0,0.2,0.2,0.4,0.6,21.0,57.0,35.0,0.08,0.0,0.08,0.08,0.08,0.02,0.03,0.05,0.02,0.05,Matches,Tottenham,
Timo Werner,de GER,FW,27.0,13.0,10,809.0,9.0,2.0,3.0,5.0,2.0,0.0,0.0,1.0,0.0,3.7,3.7,2.7,6.4,79.0,41.0,124.0,0.22,0.33,0.56,0.22,0.56,0.41,0.3,0.72,0.41,0.72,Matches,Tottenham,
Pierre Højbjerg,dk DEN,MF,27.0,36.0,8,1311.0,14.6,0.0,0.0,0.0,0.0,0.0,0.0,4.0,0.0,0.7,0.7,1.2,1.9,17.0,134.0,29.0,0.0,0.0,0.0,0.0,0.0,0.05,0.08,0.13,0.05,0.13,Matches,Tottenham,
Oliver Skipp,eng ENG,"MF,DF",22.0,21.0,5,707.0,7.9,0.0,0.0,0.0,0.0,0.0,0.0,3.0,0.0,0.7,0.7,0.6,1.3,8.0,37.0,25.0,0.0,0.0,0.0,0.0,0.0,0.09,0.07,0.16,0.09,0.16,Matches,Tottenham,
Giovani Lo Celso,ar ARG,MF,27.0,22.0,4,506.0,5.6,2.0,2.0,4.0,2.0,0.0,0.0,2.0,0.0,0.6,0.6,1.9,2.5,25.0,68.0,29.0,0.36,0.36,0.71,0.36,0.71,0.1,0.34,0.45,0.1,0.45,Matches,Tottenham,
Radu Drăgușin,ro ROU,DF,21.0,9.0,4,429.0,4.8,0.0,0.0,0.0,0.0,0.0,0.0,1.0,0.0,0.1,0.1,0.0,0.1,5.0,8.0,1.0,0.0,0.0,0.0,0.0,0.0,0.03,0.0,0.03,0.03,0.03,Matches,Tottenham,
Bryan Gil,es ESP,"FW,MF",22.0,11.0,2,209.0,2.3,0.0,0.0,0.0,0.0,0.0,0.0,0.0,0.0,0.8,0.8,0.2,1.0,11.0,16.0,49.0,0.0,0.0,0.0,0.0,0.0,0.32,0.09,0.41,0.32,0.41,Matches,Tottenham,
Manor Solomon,il ISR,FW,24.0,5.0,2,199.0,2.2,0.0,2.0,2.0,0.0,0.0,0.0,1.0,0.0,0.4,0.4,0.8,1.2,17.0,11.0,44.0,0.0,0.9,0.9,0.0,0.9,0.19,0.38,0.56,0.19,0.56,Matches,Tottenham,
Eric Dier,eng ENG,DF,29.0,4.0,1,201.0,2.2,0.0,0.0,0.0,0.0,0.0,0.0,0.0,0.0,0.0,0.0,0.0,0.0,0.0,3.0,0.0,0.0,0.0,0.0,0.0,0.0,0.0,0.0,0.0,0.0,0.0,Matches,Tottenham,
Ivan Perišić,hr CRO,FW,34.0,5.0,0,103.0,1.1,0.0,1.0,1.0,0.0,0.0,0.0,2.0,0.0,0.1,0.1,0.9,1.0,15.0,9.0,17.0,0.0,0.87,0.87,0.0,0.87,0.1,0.75,0.85,0.1,0.85,Matches,Tottenham,
Davinson Sánchez,co COL,DF,27.0,1.0,0,77.0,0.9,0.0,0.0,0.0,0.0,0.0,0.0,1.0,0.0,0.1,0.1,0.0,0.1,0.0,2.0,0.0,0.0,0.0,0.0,0.0,0.0,0.14,0.0,0.14,0.14,0.14,Matches,Tottenham,
Alejo Véliz,ar ARG,FW,19.0,8.0,0,50.0,0.6,1.0,0.0,1.0,1.0,0.0,0.0,1.0,0.0,0.2,0.2,0.0,0.2,0.0,1.0,3.0,1.8,0.0,1.8,1.8,1.8,0.45,0.0,0.45,0.45,0.45,Matches,Tottenham,
Dane Scarlett,eng ENG,FW,19.0,4.0,0,22.0,0.2,0.0,0.0,0.0,0.0,0.0,0.0,0.0,0.0,0.0,0.0,0.0,0.0,0.0,1.0,4.0,0.0,0.0,0.0,0.0,0.0,0.0,0.0,0.0,0.0,0.0,Matches,Tottenham,
Mikey Moore,eng ENG,MF,15.0,2.0,0,4.0,0.0,0.0,0.0,0.0,0.0,0.0,0.0,0.0,0.0,0.0,0.0,0.0,0.0,2.0,1.0,2.0,0.0,0.0,0.0,0.0,0.0,0.0,0.0,0.0,0.0,0.0,Matches,Tottenham,
Jamie Donley,eng ENG,FW,18.0,3.0,0,3.0,0.0,0.0,0.0,0.0,0.0,0.0,0.0,1.0,0.0,0.0,0.0,0.0,0.0,0.0,0.0,0.0,0.0,0.0,0.0,0.0,0.0,0.0,0.0,0.0,0.0,0.0,Matches,Tottenham,
Brandon Austin,eng ENG,GK,24.0,0.0,0,,,,,,,,,,,,,,,,,,,,,,,,,,,,Matches,Tottenham,
Alfie Dorrington,eng ENG,DF,18.0,0.0,0,,,,,,,,,,,,,,,,,,,,,,,,,,,,Matches,Tottenham,
Fraser Forster,eng ENG,GK,35.0,0.0,0,,,,,,,,,,,,,,,,,,,,,,,,,,,,Matches,Tottenham,
Tyrese Hall,eng ENG,MF,17.0,0.0,0,,,,,,,,,,,,,,,,,,,,,,,,,,,,Matches,Tottenham,
Ashley Phillips,wls WAL,DF,18.0,0.0,0,,,,,,,,,,,,,,,,,,,,,,,,,,,,Matches,Tottenham,
Yago Santiago,es ESP,"FW,MF",20.0,0.0,0,,,,,,,,,,,,,,,,,,,,,,,,,,,,Matches,Tottenham,
Alfie Whiteman,eng ENG,GK,24.0,0.0,0,,,,,,,,,,,,,,,,,,,,,,,,,,,,Matches,Tottenham,
Squad Total,,,25.2,38.0,418,3420.0,38.0,69.0,58.0,127.0,67.0,2.0,2.0,92.0,4.0,68.2,66.7,57.4,124.1,957.0,2107.0,2097.0,1.82,1.53,3.34,1.76,3.29,1.79,1.51,3.31,1.75,3.27,,Tottenham,
Opponent Total,,,26.4,38.0,418,3420.0,38.0,58.0,39.0,97.0,51.0,7.0,7.0,100.0,4.0,63.4,58.4,42.1,100.5,526.0,1103.0,1090.0,1.53,1.03,2.55,1.34,2.37,1.67,1.11,2.77,1.54,2.64,,Tottenham,
Conor Gallagher,eng ENG,MF,23.0,37.0,37,3128.0,34.8,5.0,7.0,12.0,5.0,0.0,0.0,9.0,1.0,4.2,4.2,5.0,9.2,62.0,172.0,122.0,0.14,0.2,0.35,0.14,0.35,0.12,0.15,0.27,0.12,0.27,Matches,Chelsea,
Moisés Caicedo,ec ECU,MF,21.0,35.0,33,2866.0,31.8,1.0,3.0,4.0,1.0,0.0,0.0,11.0,0.0,0.4,0.4,2.6,3.0,27.0,173.0,27.0,0.03,0.09,0.13,0.03,0.13,0.01,0.08,0.09,0.01,0.09,Matches,Chelsea,
Nicolas Jackson,sn SEN,FW,22.0,35.0,31,2799.0,31.1,14.0,5.0,19.0,14.0,0.0,0.0,10.0,0.0,18.6,18.6,4.3,22.9,70.0,67.0,200.0,0.45,0.16,0.61,0.45,0.61,0.6,0.14,0.74,0.6,0.74,Matches,Chelsea,
Cole Palmer,eng ENG,"FW,MF",21.0,33.0,29,2607.0,29.0,22.0,11.0,33.0,13.0,9.0,9.0,7.0,0.0,18.2,11.1,11.1,22.2,117.0,197.0,195.0,0.76,0.38,1.14,0.45,0.83,0.63,0.38,1.01,0.38,0.77,Matches,Chelsea,
Axel Disasi,fr FRA,DF,25.0,31.0,29,2579.0,28.7,2.0,0.0,2.0,2.0,0.0,0.0,6.0,0.0,2.4,2.4,0.3,2.7,30.0,112.0,21.0,0.07,0.0,0.07,0.07,0.07,0.08,0.01,0.09,0.08,0.09,Matches,Chelsea,
Thiago Silva,br BRA,DF,38.0,31.0,28,2527.0,28.1,3.0,1.0,4.0,3.0,0.0,0.0,4.0,0.0,0.8,0.8,1.0,1.8,2.0,102.0,5.0,0.11,0.04,0.14,0.11,0.14,0.03,0.04,0.06,0.03,0.06,Matches,Chelsea,
Enzo Fernández,ar ARG,MF,22.0,28.0,26,2209.0,24.5,3.0,2.0,5.0,2.0,1.0,2.0,7.0,0.0,6.2,4.6,3.4,8.0,52.0,210.0,54.0,0.12,0.08,0.2,0.08,0.16,0.25,0.14,0.39,0.19,0.33,Matches,Chelsea,
Đorđe Petrović,rs SRB,GK,23.0,23.0,22,1987.0,22.1,0.0,0.0,0.0,0.0,0.0,0.0,2.0,0.0,0.0,0.0,0.0,0.0,0.0,1.0,0.0,0.0,0.0,0.0,0.0,0.0,0.0,0.0,0.0,0.0,0.0,Matches,Chelsea,
Raheem Sterling,eng ENG,"FW,MF",28.0,31.0,22,1978.0,22.0,8.0,4.0,12.0,8.0,0.0,0.0,7.0,0.0,6.5,6.5,4.5,11.0,120.0,78.0,242.0,0.36,0.18,0.55,0.36,0.55,0.29,0.2,0.5,0.29,0.5,Matches,Chelsea,
Levi Colwill,eng ENG,DF,20.0,23.0,20,1797.0,20.0,1.0,1.0,2.0,1.0,0.0,0.0,2.0,0.0,1.3,1.3,1.2,2.5,23.0,73.0,27.0,0.05,0.05,0.1,0.05,0.1,0.06,0.06,0.12,0.06,0.12,Matches,Chelsea,
Marc Cucurella,es ESP,DF,25.0,21.0,20,1782.0,19.8,0.0,2.0,2.0,0.0,0.0,0.0,10.0,0.0,1.1,1.1,1.1,2.2,31.0,50.0,73.0,0.0,0.1,0.1,0.0,0.1,0.06,0.05,0.11,0.06,0.11,Matches,Chelsea,
Malo Gusto,fr FRA,DF,20.0,27.0,19,1751.0,19.5,0.0,6.0,6.0,0.0,0.0,0.0,7.0,1.0,0.9,0.9,4.3,5.2,78.0,86.0,135.0,0.0,0.31,0.31,0.0,0.31,0.05,0.22,0.27,0.05,0.27,Matches,Chelsea,
Mykhailo Mudryk,ua UKR,FW,22.0,31.0,18,1576.0,17.5,5.0,2.0,7.0,5.0,0.0,0.0,5.0,0.0,4.4,4.4,4.1,8.5,92.0,45.0,139.0,0.29,0.11,0.4,0.29,0.4,0.25,0.23,0.48,0.25,0.48,Matches,Chelsea,
Robert Sánchez,es ESP,GK,25.0,16.0,16,1433.0,15.9,0.0,0.0,0.0,0.0,0.0,0.0,2.0,0.0,0.0,0.0,0.0,0.0,0.0,1.0,0.0,0.0,0.0,0.0,0.0,0.0,0.0,0.0,0.0,0.0,0.0,Matches,Chelsea,
Benoît Badiashile,fr FRA,DF,22.0,18.0,15,1338.0,14.9,0.0,1.0,1.0,0.0,0.0,0.0,3.0,0.0,0.3,0.3,1.5,1.8,3.0,46.0,3.0,0.0,0.07,0.07,0.0,0.07,0.02,0.1,0.12,0.02,0.12,Matches,Chelsea,
Noni Madueke,eng ENG,FW,21.0,23.0,13,1053.0,11.7,5.0,2.0,7.0,4.0,1.0,1.0,2.0,0.0,2.5,1.7,2.6,4.3,76.0,52.0,136.0,0.43,0.17,0.6,0.34,0.51,0.21,0.23,0.44,0.14,0.37,Matches,Chelsea,
Trevoh Chalobah,eng ENG,DF,24.0,13.0,10,952.0,10.6,1.0,0.0,1.0,1.0,0.0,0.0,1.0,0.0,0.2,0.2,0.1,0.3,5.0,31.0,9.0,0.09,0.0,0.09,0.09,0.09,0.02,0.01,0.02,0.02,0.02,Matches,Chelsea,
Ben Chilwell,eng ENG,DF,26.0,13.0,9,756.0,8.4,0.0,1.0,1.0,0.0,0.0,0.0,5.0,0.0,1.2,1.2,2.2,3.4,22.0,25.0,59.0,0.0,0.12,0.12,0.0,0.12,0.14,0.26,0.41,0.14,0.41,Matches,Chelsea,
Armando Broja,al ALB,FW,21.0,13.0,6,454.0,5.0,1.0,0.0,1.0,1.0,0.0,0.0,0.0,0.0,2.4,2.4,0.2,2.5,11.0,6.0,37.0,0.2,0.0,0.2,0.2,0.2,0.47,0.03,0.5,0.47,0.5,Matches,Chelsea,
Reece James,eng ENG,DF,23.0,10.0,5,419.0,4.7,0.0,2.0,2.0,0.0,0.0,0.0,2.0,2.0,0.3,0.3,1.7,2.1,19.0,21.0,35.0,0.0,0.43,0.43,0.0,0.43,0.07,0.37,0.44,0.07,0.44,Matches,Chelsea,
Lesley Ugochukwu,fr FRA,MF,19.0,12.0,3,301.0,3.3,0.0,0.0,0.0,0.0,0.0,0.0,2.0,0.0,0.0,0.0,0.1,0.1,8.0,17.0,3.0,0.0,0.0,0.0,0.0,0.0,0.0,0.03,0.03,0.0,0.03,Matches,Chelsea,
Christopher Nkunku,fr FRA,"FW,MF",25.0,11.0,2,443.0,4.9,3.0,0.0,3.0,3.0,0.0,0.0,0.0,0.0,2.3,2.3,0.2,2.5,10.0,19.0,35.0,0.61,0.0,0.61,0.61,0.61,0.47,0.05,0.52,0.47,0.52,Matches,Chelsea,
Carney Chukwuemeka,eng ENG,"MF,FW",19.0,9.0,2,227.0,2.5,1.0,1.0,2.0,1.0,0.0,0.0,2.0,0.0,0.2,0.2,0.3,0.5,4.0,12.0,19.0,0.4,0.4,0.79,0.4,0.79,0.06,0.13,0.19,0.06,0.19,Matches,Chelsea,
Alfie Gilchrist,eng ENG,DF,19.0,11.0,2,207.0,2.3,1.0,0.0,1.0,1.0,0.0,0.0,1.0,0.0,0.3,0.3,0.0,0.3,1.0,7.0,4.0,0.43,0.0,0.43,0.43,0.43,0.14,0.0,0.14,0.14,0.14,Matches,Chelsea,
Ian Maatsen,nl NED,"FW,MF",21.0,12.0,1,209.0,2.3,0.0,0.0,0.0,0.0,0.0,0.0,1.0,0.0,0.8,0.8,0.1,0.9,9.0,8.0,15.0,0.0,0.0,0.0,0.0,0.0,0.35,0.04,0.39,0.35,0.39,Matches,Chelsea,
Cesare Casadei,it ITA,"FW,MF",20.0,11.0,0,79.0,0.9,0.0,0.0,0.0,0.0,0.0,0.0,0.0,0.0,0.0,0.0,0.1,0.1,1.0,3.0,3.0,0.0,0.0,0.0,0.0,0.0,0.0,0.12,0.12,0.0,0.12,Matches,Chelsea,
Roméo Lavia,be BEL,MF,19.0,1.0,0,33.0,0.4,0.0,0.0,0.0,0.0,0.0,0.0,0.0,0.0,0.0,0.0,0.0,0.0,0.0,1.0,0.0,0.0,0.0,0.0,0.0,0.0,0.0,0.0,0.0,0.0,0.0,Matches,Chelsea,
Deivid Washington,br BRA,"DF,FW",18.0,2.0,0,13.0,0.1,0.0,0.0,0.0,0.0,0.0,0.0,0.0,0.0,0.5,0.5,0.0,0.5,0.0,0.0,1.0,0.0,0.0,0.0,0.0,0.0,3.23,0.0,3.23,3.23,3.23,Matches,Chelsea,
Mason Burstow,eng ENG,FW,19.0,2.0,0,9.0,0.1,0.0,0.0,0.0,0.0,0.0,0.0,0.0,0.0,0.0,0.0,0.0,0.0,0.0,0.0,1.0,0.0,0.0,0.0,0.0,0.0,0.0,0.0,0.0,0.0,0.0,Matches,Chelsea,
Joshua Acheampong,eng ENG,DF,17.0,1.0,0,6.0,0.1,0.0,0.0,0.0,0.0,0.0,0.0,0.0,0.0,0.0,0.0,0.0,0.0,0.0,0.0,0.0,0.0,0.0,0.0,0.0,0.0,0.0,0.0,0.0,0.0,0.0,Matches,Chelsea,
Alex Matos,eng ENG,MF,18.0,1.0,0,1.0,0.0,0.0,0.0,0.0,0.0,0.0,0.0,0.0,0.0,0.0,0.0,0.0,0.0,0.0,0.0,0.0,0.0,0.0,0.0,0.0,0.0,0.0,0.0,0.0,0.0,0.0,Matches,Chelsea,
Jimi Tauriainen,eng ENG,FW,19.0,1.0,0,1.0,0.0,0.0,0.0,0.0,0.0,0.0,0.0,0.0,0.0,0.0,0.0,0.0,0.0,0.0,0.0,0.0,0.0,0.0,0.0,0.0,0.0,0.0,0.0,0.0,0.0,0.0,Matches,Chelsea,
Marcus Bettinelli,eng ENG,GK,31.0,0.0,0,,0.0,0.0,0.0,0.0,0.0,0.0,0.0,1.0,0.0,,,,,,,,,,,,,,,,,,Matches,Chelsea,
Eddie Beach,wls WAL,GK,19.0,0.0,0,,,,,,,,,,,,,,,,,,,,,,,,,,,,Matches,Chelsea,
Lucas Bergström,fi FIN,GK,20.0,0.0,0,,,,,,,,,,,,,,,,,,,,,,,,,,,,Matches,Chelsea,
Joshua Brooking,eng ENG,DF,20.0,0.0,0,,,,,,,,,,,,,,,,,,,,,,,,,,,,Matches,Chelsea,
Leo Castledine,eng ENG,MF,17.0,0.0,0,,,,,,,,,,,,,,,,,,,,,,,,,,,,Matches,Chelsea,
Ted Curd,eng ENG,GK,17.0,0.0,0,,,,,,,,,,,,,,,,,,,,,,,,,,,,Matches,Chelsea,
Kiano Dyer,eng ENG,MF,16.0,0.0,0,,,,,,,,,,,,,,,,,,,,,,,,,,,,Matches,Chelsea,
Tyrique George,eng ENG,FW,17.0,0.0,0,,,,,,,,,,,,,,,,,,,,,,,,,,,,Matches,Chelsea,
Ollie Harrison,eng ENG,MF,15.0,0.0,0,,,,,,,,,,,,,,,,,,,,,,,,,,,,Matches,Chelsea,
Bashir Humphreys,eng ENG,DF,20.0,0.0,0,,,,,,,,,,,,,,,,,,,,,,,,,,,,Matches,Chelsea,
Diego Moreira,pt POR,MF,18.0,0.0,0,,,,,,,,,,,,,,,,,,,,,,,,,,,,Matches,Chelsea,
Ishé Samuels-Smith,eng ENG,DF,17.0,0.0,0,,,,,,,,,,,,,,,,,,,,,,,,,,,,Matches,Chelsea,
Andrey Santos,br BRA,MF,19.0,0.0,0,,,,,,,,,,,,,,,,,,,,,,,,,,,,Matches,Chelsea,
Teddy Sharman,eng ENG,GK,20.0,0.0,0,,,,,,,,,,,,,,,,,,,,,,,,,,,,Matches,Chelsea,
Zak Sturge,eng ENG,DF,19.0,0.0,0,,,,,,,,,,,,,,,,,,,,,,,,,,,,Matches,Chelsea,
Ronnie Stutter,eng ENG,FW,18.0,0.0,0,,,,,,,,,,,,,,,,,,,,,,,,,,,,Matches,Chelsea,
Squad Total,,,24.2,38.0,418,3420.0,38.0,76.0,51.0,127.0,65.0,11.0,12.0,109.0,4.0,74.5,65.1,51.4,116.5,873.0,1615.0,1600.0,2.0,1.34,3.34,1.71,3.05,1.96,1.35,3.31,1.71,3.06,,Chelsea,
Opponent Total,,,26.3,38.0,418,3420.0,38.0,60.0,43.0,103.0,57.0,3.0,5.0,100.0,4.0,58.1,54.1,42.0,96.1,727.0,1368.0,1351.0,1.58,1.13,2.71,1.5,2.63,1.53,1.1,2.63,1.42,2.53,,Chelsea,
Bruno Guimarães,br BRA,MF,25.0,,37,3263.0,36.3,7.0,8.0,15.0,7.0,0.0,0.0,9.0,0.0,4.8,4.8,6.4,11.2,65.0,283.0,73.0,0.19,0.22,0.41,0.19,0.41,0.13,0.18,0.31,0.13,0.31,Matches,Newcastle Utd,37.0
Fabian Schär,ch SUI,DF,31.0,,35,3054.0,33.9,4.0,1.0,5.0,4.0,0.0,0.0,5.0,0.0,2.5,2.5,0.7,3.3,28.0,133.0,20.0,0.12,0.03,0.15,0.12,0.15,0.07,0.02,0.1,0.07,0.1,Matches,Newcastle Utd,36.0
Anthony Gordon,eng ENG,FW,22.0,,34,2890.0,32.1,11.0,10.0,21.0,10.0,1.0,1.0,12.0,1.0,10.2,9.4,8.0,17.4,138.0,101.0,232.0,0.34,0.31,0.65,0.31,0.62,0.32,0.25,0.57,0.29,0.54,Matches,Newcastle Utd,35.0
Dan Burn,eng ENG,DF,31.0,,32,2726.0,30.3,2.0,2.0,4.0,2.0,0.0,0.0,4.0,0.0,3.1,3.1,1.1,4.2,14.0,75.0,25.0,0.07,0.07,0.13,0.07,0.13,0.1,0.04,0.14,0.1,0.14,Matches,Newcastle Utd,33.0
Sean Longstaff,eng ENG,MF,25.0,,30,2747.0,30.5,6.0,2.0,8.0,6.0,0.0,0.0,7.0,0.0,6.6,6.6,2.3,8.8,24.0,145.0,116.0,0.2,0.07,0.26,0.2,0.26,0.22,0.07,0.29,0.22,0.29,Matches,Newcastle Utd,35.0
Alexander Isak,se SWE,FW,23.0,,27,2255.0,25.1,21.0,2.0,23.0,16.0,5.0,6.0,1.0,0.0,20.3,15.6,3.7,19.3,68.0,71.0,129.0,0.84,0.08,0.92,0.64,0.72,0.81,0.15,0.96,0.62,0.77,Matches,Newcastle Utd,30.0
Kieran Trippier,eng ENG,DF,32.0,,26,2236.0,24.8,1.0,10.0,11.0,1.0,0.0,0.0,5.0,0.0,0.7,0.7,7.5,8.2,34.0,157.0,128.0,0.04,0.4,0.44,0.04,0.44,0.03,0.3,0.33,0.03,0.33,Matches,Newcastle Utd,28.0
Miguel Almirón,py PAR,FW,29.0,,23,1937.0,21.5,3.0,1.0,4.0,3.0,0.0,0.0,2.0,0.0,4.5,4.5,2.6,7.2,78.0,78.0,162.0,0.14,0.05,0.19,0.14,0.19,0.21,0.12,0.33,0.21,0.33,Matches,Newcastle Utd,33.0
Martin Dúbravka,sk SVK,GK,34.0,,22,1985.0,22.1,0.0,0.0,0.0,0.0,0.0,0.0,1.0,0.0,0.0,0.0,0.1,0.1,0.0,0.0,0.0,0.0,0.0,0.0,0.0,0.0,0.0,0.0,0.0,0.0,0.0,Matches,Newcastle Utd,23.0
Sven Botman,nl NED,DF,23.0,,15,1377.0,15.3,2.0,2.0,4.0,2.0,0.0,0.0,2.0,0.0,0.6,0.6,1.0,1.6,0.0,35.0,5.0,0.13,0.13,0.26,0.13,0.26,0.04,0.07,0.11,0.04,0.11,Matches,Newcastle Utd,17.0
Nick Pope,eng ENG,GK,31.0,,15,1345.0,14.9,0.0,0.0,0.0,0.0,0.0,0.0,1.0,0.0,0.0,0.0,0.0,0.0,0.0,0.0,0.0,0.0,0.0,0.0,0.0,0.0,0.0,0.0,0.0,0.0,0.0,Matches,Newcastle Utd,15.0
Joelinton,br BRA,"MF,FW",26.0,,15,1279.0,14.2,2.0,1.0,3.0,2.0,0.0,0.0,6.0,0.0,3.1,3.1,2.8,5.9,29.0,56.0,60.0,0.14,0.07,0.21,0.14,0.21,0.22,0.2,0.41,0.22,0.41,Matches,Newcastle Utd,20.0
Lewis Miley,eng ENG,MF,17.0,,14,1202.0,13.4,1.0,3.0,4.0,1.0,0.0,0.0,1.0,0.0,1.2,1.2,1.7,2.9,14.0,53.0,54.0,0.07,0.22,0.3,0.07,0.3,0.09,0.13,0.22,0.09,0.22,Matches,Newcastle Utd,17.0
Jacob Murphy,eng ENG,"FW,DF",28.0,,14,1189.0,13.2,3.0,7.0,10.0,3.0,0.0,0.0,1.0,0.0,2.1,2.1,5.0,7.1,33.0,52.0,113.0,0.23,0.53,0.76,0.23,0.76,0.16,0.37,0.54,0.16,0.54,Matches,Newcastle Utd,21.0
Jamaal Lascelles,eng ENG,DF,29.0,,13,1080.0,12.0,1.0,0.0,1.0,1.0,0.0,0.0,4.0,0.0,0.7,0.7,0.1,0.8,8.0,31.0,3.0,0.08,0.0,0.08,0.08,0.08,0.06,0.01,0.07,0.06,0.07,Matches,Newcastle Utd,16.0
Valentino Livramento,eng ENG,DF,20.0,,12,1314.0,14.6,1.0,0.0,1.0,1.0,0.0,0.0,1.0,0.0,0.4,0.4,0.8,1.2,44.0,61.0,76.0,0.07,0.0,0.07,0.07,0.07,0.03,0.05,0.08,0.03,0.08,Matches,Newcastle Utd,26.0
Elliot Anderson,eng ENG,"MF,FW",20.0,,10,1027.0,11.4,0.0,2.0,2.0,0.0,0.0,0.0,3.0,0.0,1.5,1.5,1.9,3.5,37.0,57.0,70.0,0.0,0.18,0.18,0.0,0.18,0.13,0.17,0.3,0.13,0.3,Matches,Newcastle Utd,21.0
Callum Wilson,eng ENG,FW,31.0,,9,991.0,11.0,9.0,1.0,10.0,7.0,2.0,2.0,3.0,0.0,8.8,7.2,0.6,7.8,11.0,9.0,77.0,0.82,0.09,0.91,0.64,0.73,0.8,0.05,0.85,0.65,0.71,Matches,Newcastle Utd,20.0
Emil Krafth,se SWE,DF,28.0,,8,913.0,10.1,0.0,0.0,0.0,0.0,0.0,0.0,2.0,0.0,0.2,0.2,1.0,1.2,12.0,29.0,33.0,0.0,0.0,0.0,0.0,0.0,0.02,0.1,0.12,0.02,0.12,Matches,Newcastle Utd,17.0
Lewis Hall,eng ENG,DF,18.0,,8,781.0,8.7,1.0,0.0,1.0,1.0,0.0,0.0,2.0,0.0,0.3,0.3,0.3,0.6,19.0,46.0,27.0,0.12,0.0,0.12,0.12,0.12,0.04,0.03,0.07,0.04,0.07,Matches,Newcastle Utd,18.0
Harvey Barnes,eng ENG,"FW,MF",25.0,,7,802.0,8.9,5.0,3.0,8.0,5.0,0.0,0.0,2.0,0.0,3.6,3.6,3.2,6.8,45.0,34.0,79.0,0.56,0.34,0.9,0.56,0.9,0.4,0.36,0.76,0.4,0.76,Matches,Newcastle Utd,21.0
Sandro Tonali,it ITA,MF,23.0,,5,438.0,4.9,1.0,0.0,1.0,1.0,0.0,0.0,2.0,0.0,0.7,0.7,0.6,1.3,11.0,19.0,21.0,0.21,0.0,0.21,0.21,0.21,0.13,0.13,0.26,0.13,0.26,Matches,Newcastle Utd,8.0
Joe Willock,eng ENG,MF,23.0,,5,419.0,4.7,1.0,0.0,1.0,1.0,0.0,0.0,0.0,0.0,0.8,0.8,0.6,1.4,16.0,17.0,26.0,0.21,0.0,0.21,0.21,0.21,0.17,0.12,0.3,0.17,0.3,Matches,Newcastle Utd,9.0
Loris Karius,de GER,GK,30.0,,1,90.0,1.0,0.0,0.0,0.0,0.0,0.0,0.0,0.0,0.0,0.0,0.0,0.0,0.0,0.0,0.0,0.0,0.0,0.0,0.0,0.0,0.0,0.0,0.0,0.0,0.0,0.0,Matches,Newcastle Utd,1.0
Matt Targett,eng ENG,DF,27.0,,1,78.0,0.9,0.0,0.0,0.0,0.0,0.0,0.0,1.0,0.0,0.0,0.0,0.0,0.0,1.0,2.0,0.0,0.0,0.0,0.0,0.0,0.0,0.0,0.03,0.03,0.0,0.03,Matches,Newcastle Utd,3.0
Matt Ritchie,sct SCO,"FW,MF",33.0,,0,128.0,1.4,1.0,0.0,1.0,1.0,0.0,0.0,1.0,0.0,1.0,1.0,0.0,1.0,5.0,8.0,13.0,0.7,0.0,0.7,0.7,0.7,0.68,0.0,0.68,0.68,0.68,Matches,Newcastle Utd,13.0
Ben Parkinson,eng ENG,FW,18.0,,0,25.0,0.3,0.0,0.0,0.0,0.0,0.0,0.0,0.0,0.0,0.0,0.0,0.0,0.0,0.0,0.0,0.0,0.0,0.0,0.0,0.0,0.0,0.0,0.0,0.0,0.0,0.0,Matches,Newcastle Utd,1.0
Paul Dummett,wls WAL,DF,31.0,,0,20.0,0.2,0.0,0.0,0.0,0.0,0.0,0.0,0.0,0.0,0.0,0.0,0.0,0.0,1.0,1.0,0.0,0.0,0.0,0.0,0.0,0.0,0.11,0.0,0.11,0.11,0.11,Matches,Newcastle Utd,5.0
Alex Murphy,ie IRL,"DF,FW",19.0,,0,13.0,0.1,0.0,0.0,0.0,0.0,0.0,0.0,0.0,0.0,0.0,0.0,0.0,0.0,0.0,1.0,0.0,0.0,0.0,0.0,0.0,0.0,0.0,0.0,0.0,0.0,0.0,Matches,Newcastle Utd,2.0
Joe White,eng ENG,MF,20.0,,0,13.0,0.1,0.0,0.0,0.0,0.0,0.0,0.0,1.0,0.0,0.0,0.0,0.0,0.0,2.0,3.0,3.0,0.0,0.0,0.0,0.0,0.0,0.0,0.0,0.0,0.0,0.0,Matches,Newcastle Utd,4.0
Amadou Diallo,eng ENG,MF,20.0,,0,1.0,0.0,0.0,0.0,0.0,0.0,0.0,0.0,0.0,0.0,0.0,0.0,0.0,0.0,0.0,0.0,0.0,0.0,0.0,0.0,0.0,0.0,0.0,0.0,0.0,0.0,0.0,Matches,Newcastle Utd,1.0
Michael Ndiweni,eng ENG,FW,19.0,,0,1.0,0.0,0.0,0.0,0.0,0.0,0.0,0.0,0.0,0.0,0.0,0.0,0.0,0.0,0.0,0.0,0.0,0.0,0.0,0.0,0.0,0.0,0.0,0.0,0.0,0.0,0.0,Matches,Newcastle Utd,1.0
Mark Gillespie,eng ENG,GK,31.0,,0,,,,,,,,,,,,,,,,,,,,,,,,,,,,Matches,Newcastle Utd,0.0
Travis Hearnes,no NOR,MF,17.0,,0,,,,,,,,,,,,,,,,,,,,,,,,,,,,Matches,Newcastle Utd,0.0
Javier Manquillo,es ESP,DF,29.0,,0,,,,,,,,,,,,,,,,,,,,,,,,,,,,Matches,Newcastle Utd,0.0
Squad Total,,,27.2,,418,3420.0,38.0,83.0,55.0,138.0,75.0,8.0,9.0,79.0,1.0,76.0,69.0,51.3,120.3,737.0,1557.0,1545.0,2.18,1.45,3.63,1.97,3.42,2.0,1.35,3.35,1.82,3.17,,Newcastle Utd,38.0
Opponent Total,,,26.2,,418,3420.0,38.0,61.0,47.0,108.0,57.0,4.0,5.0,97.0,3.0,61.4,57.4,46.3,103.7,699.0,1343.0,1328.0,1.61,1.24,2.84,1.5,2.74,1.62,1.22,2.83,1.51,2.73,,Newcastle Utd,38.0
André Onana,cm CMR,GK,27.0,38.0,38,3420.0,38.0,0.0,0.0,0.0,0.0,0.0,0.0,5.0,0.0,0.0,0.0,0.1,0.1,1.0,5.0,0.0,0.0,0.0,0.0,0.0,0.0,0.0,0.0,0.0,0.0,0.0,Matches,Manchester Utd,
Diogo Dalot,pt POR,DF,24.0,36.0,35,3174.0,35.3,2.0,3.0,5.0,2.0,0.0,0.0,6.0,1.0,1.7,1.7,2.9,4.6,52.0,124.0,111.0,0.06,0.09,0.14,0.06,0.14,0.05,0.08,0.13,0.05,0.13,Matches,Manchester Utd,
Bruno Fernandes,pt POR,"MF,FW",28.0,35.0,35,3118.0,34.6,10.0,8.0,18.0,6.0,4.0,5.0,9.0,0.0,10.0,6.1,11.8,17.8,86.0,297.0,182.0,0.29,0.23,0.52,0.17,0.4,0.29,0.34,0.63,0.18,0.51,Matches,Manchester Utd,
Alejandro Garnacho,ar ARG,FW,19.0,36.0,30,2565.0,28.5,7.0,4.0,11.0,7.0,0.0,0.0,4.0,0.0,8.4,8.3,5.1,13.4,178.0,62.0,281.0,0.25,0.14,0.39,0.25,0.39,0.29,0.18,0.47,0.29,0.47,Matches,Manchester Utd,
Marcus Rashford,eng ENG,FW,25.0,33.0,26,2271.0,25.2,7.0,2.0,9.0,5.0,2.0,2.0,2.0,0.0,7.4,5.8,2.3,8.1,95.0,65.0,184.0,0.28,0.08,0.36,0.2,0.28,0.29,0.09,0.38,0.23,0.32,Matches,Manchester Utd,
Rasmus Højlund,dk DEN,FW,20.0,30.0,25,2158.0,24.0,10.0,2.0,12.0,10.0,0.0,0.0,2.0,0.0,7.6,7.6,1.6,9.2,36.0,33.0,111.0,0.42,0.08,0.5,0.42,0.5,0.32,0.07,0.38,0.32,0.38,Matches,Manchester Utd,
Casemiro,br BRA,"MF,DF",31.0,25.0,24,1982.0,22.0,1.0,2.0,3.0,1.0,0.0,0.0,7.0,0.0,3.5,3.5,1.0,4.5,12.0,112.0,36.0,0.05,0.09,0.14,0.05,0.14,0.16,0.05,0.2,0.16,0.2,Matches,Manchester Utd,
Kobbie Mainoo,eng ENG,MF,18.0,24.0,24,1924.0,21.4,3.0,1.0,4.0,3.0,0.0,0.0,3.0,0.0,0.9,0.9,0.7,1.6,25.0,64.0,36.0,0.14,0.05,0.19,0.14,0.19,0.04,0.03,0.07,0.04,0.07,Matches,Manchester Utd,
Aaron Wan-Bissaka,eng ENG,DF,25.0,22.0,20,1780.0,19.8,0.0,2.0,2.0,0.0,0.0,0.0,4.0,0.0,0.1,0.1,1.5,1.6,30.0,77.0,54.0,0.0,0.1,0.1,0.0,0.1,0.01,0.08,0.08,0.01,0.08,Matches,Manchester Utd,
Scott McTominay,sct SCO,"MF,FW",26.0,32.0,18,1901.0,21.1,7.0,1.0,8.0,7.0,0.0,0.0,2.0,0.0,5.7,5.7,0.8,6.6,29.0,64.0,47.0,0.33,0.05,0.38,0.33,0.38,0.27,0.04,0.31,0.27,0.31,Matches,Manchester Utd,
Harry Maguire,eng ENG,DF,30.0,22.0,18,1653.0,18.4,2.0,2.0,4.0,2.0,0.0,0.0,4.0,0.0,2.0,2.0,1.2,3.3,20.0,73.0,2.0,0.11,0.11,0.22,0.11,0.22,0.11,0.07,0.18,0.11,0.18,Matches,Manchester Utd,
Raphaël Varane,fr FRA,DF,30.0,22.0,16,1375.0,15.3,1.0,0.0,1.0,1.0,0.0,0.0,2.0,0.0,1.3,1.3,0.1,1.3,16.0,59.0,2.0,0.07,0.0,0.07,0.07,0.07,0.08,0.0,0.09,0.08,0.09,Matches,Manchester Utd,
Jonny Evans,nir NIR,DF,35.0,23.0,15,1392.0,15.5,0.0,1.0,1.0,0.0,0.0,0.0,2.0,0.0,0.1,0.1,1.2,1.2,7.0,37.0,1.0,0.0,0.06,0.06,0.0,0.06,0.0,0.08,0.08,0.0,0.08,Matches,Manchester Utd,
Antony,br BRA,FW,23.0,29.0,15,1324.0,14.7,1.0,1.0,2.0,1.0,0.0,0.0,5.0,0.0,3.4,3.4,2.8,6.1,53.0,64.0,149.0,0.07,0.07,0.14,0.07,0.14,0.23,0.19,0.42,0.23,0.42,Matches,Manchester Utd,
Victor Lindelöf,se SWE,DF,29.0,19.0,14,1328.0,14.8,1.0,1.0,2.0,1.0,0.0,0.0,2.0,0.0,0.8,0.8,0.3,1.1,17.0,40.0,17.0,0.07,0.07,0.14,0.07,0.14,0.05,0.02,0.07,0.05,0.07,Matches,Manchester Utd,
Christian Eriksen,dk DEN,MF,31.0,22.0,12,1141.0,12.7,1.0,2.0,3.0,1.0,0.0,0.0,1.0,0.0,1.0,1.0,2.3,3.3,20.0,68.0,23.0,0.08,0.16,0.24,0.08,0.24,0.08,0.18,0.26,0.08,0.26,Matches,Manchester Utd,
Luke Shaw,eng ENG,DF,28.0,12.0,12,959.0,10.7,0.0,0.0,0.0,0.0,0.0,0.0,6.0,0.0,0.0,0.0,1.0,1.0,10.0,45.0,30.0,0.0,0.0,0.0,0.0,0.0,0.0,0.09,0.1,0.0,0.1,Matches,Manchester Utd,
Sofyan Amrabat,ma MAR,"MF,DF",26.0,21.0,10,938.0,10.4,0.0,0.0,0.0,0.0,0.0,0.0,6.0,0.0,0.1,0.1,0.3,0.4,6.0,66.0,10.0,0.0,0.0,0.0,0.0,0.0,0.01,0.03,0.04,0.01,0.04,Matches,Manchester Utd,
Lisandro Martínez,ar ARG,DF,25.0,11.0,8,646.0,7.2,0.0,1.0,1.0,0.0,0.0,0.0,3.0,0.0,0.0,0.0,0.1,0.1,8.0,28.0,1.0,0.0,0.14,0.14,0.0,0.14,0.0,0.01,0.01,0.0,0.01,Matches,Manchester Utd,
Mason Mount,eng ENG,"MF,FW",24.0,14.0,5,516.0,5.7,1.0,0.0,1.0,1.0,0.0,0.0,2.0,0.0,0.4,0.4,0.3,0.7,9.0,21.0,34.0,0.17,0.0,0.17,0.17,0.17,0.07,0.06,0.13,0.07,0.13,Matches,Manchester Utd,
Anthony Martial,fr FRA,FW,27.0,13.0,5,448.0,5.0,1.0,0.0,1.0,1.0,0.0,0.0,0.0,0.0,1.2,1.2,0.2,1.5,6.0,12.0,36.0,0.2,0.0,0.2,0.2,0.2,0.25,0.05,0.29,0.25,0.29,Matches,Manchester Utd,
Sergio Reguilón,es ESP,DF,26.0,9.0,4,412.0,4.6,0.0,0.0,0.0,0.0,0.0,0.0,3.0,0.0,0.2,0.2,0.7,0.9,11.0,27.0,38.0,0.0,0.0,0.0,0.0,0.0,0.04,0.16,0.2,0.04,0.2,Matches,Manchester Utd,
Amad Diallo,ci CIV,"FW,MF",21.0,9.0,3,390.0,4.3,1.0,1.0,2.0,1.0,0.0,0.0,1.0,0.0,0.5,0.5,1.1,1.6,11.0,10.0,31.0,0.23,0.23,0.46,0.23,0.46,0.12,0.24,0.36,0.12,0.36,Matches,Manchester Utd,
Willy Kambwala,fr FRA,DF,18.0,8.0,3,330.0,3.7,0.0,0.0,0.0,0.0,0.0,0.0,1.0,0.0,0.0,0.0,0.0,0.0,2.0,8.0,1.0,0.0,0.0,0.0,0.0,0.0,0.0,0.0,0.0,0.0,0.0,Matches,Manchester Utd,
Facundo Pellistri,uy URU,"FW,MF",21.0,9.0,1,172.0,1.9,0.0,1.0,1.0,0.0,0.0,0.0,0.0,0.0,0.7,0.7,0.1,0.8,6.0,6.0,31.0,0.0,0.52,0.52,0.0,0.52,0.38,0.05,0.43,0.38,0.43,Matches,Manchester Utd,
Hannibal Mejbri,tn TUN,"MF,FW",20.0,5.0,1,133.0,1.5,1.0,0.0,1.0,1.0,0.0,0.0,1.0,0.0,0.0,0.0,0.4,0.4,2.0,6.0,10.0,0.68,0.0,0.68,0.68,0.68,0.02,0.25,0.27,0.02,0.27,Matches,Manchester Utd,
Omari Forson,eng ENG,FW,19.0,4.0,1,70.0,0.8,0.0,1.0,1.0,0.0,0.0,0.0,0.0,0.0,0.0,0.0,0.2,0.2,1.0,2.0,2.0,0.0,1.29,1.29,0.0,1.29,0.04,0.23,0.27,0.04,0.27,Matches,Manchester Utd,
Jadon Sancho,eng ENG,"FW,MF",23.0,3.0,0,79.0,0.9,0.0,0.0,0.0,0.0,0.0,0.0,0.0,0.0,0.0,0.0,0.1,0.1,10.0,4.0,5.0,0.0,0.0,0.0,0.0,0.0,0.0,0.06,0.06,0.0,0.06,Matches,Manchester Utd,
Ethan Wheatley,eng ENG,FW,17.0,3.0,0,16.0,0.2,0.0,0.0,0.0,0.0,0.0,0.0,0.0,0.0,0.0,0.0,0.0,0.0,0.0,0.0,1.0,0.0,0.0,0.0,0.0,0.0,0.0,0.0,0.0,0.0,0.0,Matches,Manchester Utd,
Donny van de Beek,nl NED,DF,26.0,1.0,0,3.0,0.0,0.0,0.0,0.0,0.0,0.0,0.0,0.0,0.0,0.0,0.0,0.1,0.2,0.0,0.0,1.0,0.0,0.0,0.0,0.0,0.0,1.09,4.44,5.54,1.09,5.54,Matches,Manchester Utd,
Daniel Gore,eng ENG,MF,18.0,1.0,0,1.0,0.0,0.0,0.0,0.0,0.0,0.0,0.0,0.0,0.0,0.0,0.0,0.0,0.0,0.0,0.0,0.0,0.0,0.0,0.0,0.0,0.0,0.0,0.0,0.0,0.0,0.0,Matches,Manchester Utd,
Harry Amass,eng ENG,DF,16.0,0.0,0,,,,,,,,,,,,,,,,,,,,,,,,,,,,Matches,Manchester Utd,
Altay Bayındır,tr TUR,GK,25.0,0.0,0,,,,,,,,,,,,,,,,,,,,,,,,,,,,Matches,Manchester Utd,
Rhys Bennett,eng ENG,DF,19.0,0.0,0,,,,,,,,,,,,,,,,,,,,,,,,,,,,Matches,Manchester Utd,
Álvaro Carreras,es ESP,"DF,MF",20.0,0.0,0,,,,,,,,,,,,,,,,,,,,,,,,,,,,Matches,Manchester Utd,
Toby Collyer,eng ENG,MF,19.0,0.0,0,,,,,,,,,,,,,,,,,,,,,,,,,,,,Matches,Manchester Utd,
Tom Heaton,eng ENG,GK,37.0,0.0,0,,,,,,,,,,,,,,,,,,,,,,,,,,,,Matches,Manchester Utd,
Dean Henderson,eng ENG,GK,26.0,0.0,0,,,,,,,,,,,,,,,,,,,,,,,,,,,,Matches,Manchester Utd,
Joe Hugill,eng ENG,FW,19.0,0.0,0,,,,,,,,,,,,,,,,,,,,,,,,,,,,Matches,Manchester Utd,
Louis Jackson,sct SCO,DF,17.0,0.0,0,,,,,,,,,,,,,,,,,,,,,,,,,,,,Matches,Manchester Utd,
Dermot Mee,nir NIR,GK,20.0,0.0,0,,,,,,,,,,,,,,,,,,,,,,,,,,,,Matches,Manchester Utd,
Habeeb Ogunneye,eng ENG,DF,18.0,0.0,0,,,,,,,,,,,,,,,,,,,,,,,,,,,,Matches,Manchester Utd,
Radek Vítek,,GK,19.0,0.0,0,,,,,,,,,,,,,,,,,,,,,,,,,,,,Matches,Manchester Utd,
Squad Total,,,26.1,38.0,418,3420.0,38.0,57.0,36.0,93.0,51.0,6.0,7.0,83.0,1.0,56.5,51.0,40.1,91.0,759.0,1479.0,1467.0,1.5,0.95,2.45,1.34,2.29,1.49,1.06,2.54,1.34,2.4,,Manchester Utd,
Opponent Total,,,26.2,38.0,418,3420.0,38.0,57.0,39.0,96.0,50.0,7.0,7.0,85.0,1.0,68.9,63.4,51.1,114.5,862.0,1578.0,1556.0,1.5,1.03,2.53,1.32,2.34,1.81,1.34,3.16,1.67,3.01,,Manchester Utd,
Vladimír Coufal,cz CZE,DF,30.0,36.0,36,3132.0,34.8,0.0,7.0,7.0,0.0,0.0,0.0,7.0,1.0,0.3,0.3,4.0,4.3,68.0,119.0,126.0,0.0,0.2,0.2,0.0,0.2,0.01,0.11,0.12,0.01,0.12,Matches,West Ham,
Emerson Palmieri,it ITA,DF,28.0,36.0,35,3137.0,34.9,1.0,2.0,3.0,1.0,0.0,0.0,10.0,0.0,1.5,1.5,2.4,3.9,59.0,125.0,124.0,0.03,0.06,0.09,0.03,0.09,0.04,0.07,0.11,0.04,0.11,Matches,West Ham,
Jarrod Bowen,eng ENG,FW,26.0,34.0,34,3019.0,33.5,16.0,6.0,22.0,16.0,0.0,0.0,2.0,0.0,11.6,11.6,5.5,17.2,90.0,52.0,186.0,0.48,0.18,0.66,0.48,0.66,0.35,0.16,0.51,0.35,0.51,Matches,West Ham,
James Ward-Prowse,eng ENG,MF,28.0,37.0,34,3001.0,33.3,7.0,7.0,14.0,5.0,2.0,2.0,4.0,0.0,6.0,4.4,7.8,12.3,18.0,144.0,63.0,0.21,0.21,0.42,0.15,0.36,0.18,0.23,0.41,0.13,0.37,Matches,West Ham,
Tomáš Souček,cz CZE,MF,28.0,37.0,34,2870.0,31.9,7.0,2.0,9.0,7.0,0.0,0.0,7.0,0.0,6.7,6.7,1.7,8.4,7.0,86.0,39.0,0.22,0.06,0.28,0.22,0.28,0.21,0.05,0.26,0.21,0.26,Matches,West Ham,
Kurt Zouma,fr FRA,DF,28.0,33.0,32,2838.0,31.5,3.0,0.0,3.0,3.0,0.0,0.0,3.0,0.0,1.8,1.8,0.2,2.0,7.0,53.0,1.0,0.1,0.0,0.1,0.1,0.1,0.06,0.01,0.06,0.06,0.06,Matches,West Ham,
Alphonse Areola,fr FRA,GK,30.0,31.0,31,2699.0,30.0,0.0,0.0,0.0,0.0,0.0,0.0,1.0,0.0,0.0,0.0,0.0,0.0,0.0,1.0,0.0,0.0,0.0,0.0,0.0,0.0,0.0,0.0,0.0,0.0,0.0,Matches,West Ham,
Lucas Paquetá,br BRA,"FW,MF",25.0,31.0,31,2622.0,29.1,4.0,6.0,10.0,2.0,2.0,2.0,10.0,0.0,5.4,3.8,5.4,9.2,34.0,187.0,116.0,0.14,0.21,0.34,0.07,0.27,0.18,0.18,0.37,0.13,0.32,Matches,West Ham,
Edson Álvarez,mx MEX,MF,25.0,31.0,28,2377.0,26.4,1.0,1.0,2.0,1.0,0.0,0.0,11.0,0.0,1.3,1.3,0.6,1.9,20.0,91.0,26.0,0.04,0.04,0.08,0.04,0.08,0.05,0.02,0.07,0.05,0.07,Matches,West Ham,
Mohammed Kudus,gh GHA,"FW,MF",22.0,33.0,27,2484.0,27.6,8.0,6.0,14.0,8.0,0.0,0.0,6.0,0.0,5.1,5.1,3.5,8.6,117.0,80.0,216.0,0.29,0.22,0.51,0.29,0.51,0.19,0.13,0.31,0.19,0.31,Matches,West Ham,
Nayef Aguerd,ma MAR,DF,27.0,21.0,21,1857.0,20.6,1.0,0.0,1.0,1.0,0.0,0.0,3.0,1.0,1.5,1.5,0.3,1.8,10.0,68.0,3.0,0.05,0.0,0.05,0.05,0.05,0.07,0.01,0.09,0.07,0.09,Matches,West Ham,
Michail Antonio,jm JAM,FW,33.0,26.0,21,1695.0,18.8,6.0,2.0,8.0,6.0,0.0,0.0,6.0,0.0,5.8,5.8,0.9,6.7,48.0,22.0,104.0,0.32,0.11,0.42,0.32,0.42,0.31,0.05,0.35,0.31,0.35,Matches,West Ham,
Konstantinos Mavropanos,gr GRE,DF,25.0,19.0,16,1500.0,16.7,1.0,0.0,1.0,1.0,0.0,0.0,2.0,0.0,1.2,1.2,0.2,1.4,10.0,38.0,2.0,0.06,0.0,0.06,0.06,0.06,0.07,0.01,0.08,0.07,0.08,Matches,West Ham,
Łukasz Fabiański,pl POL,GK,38.0,10.0,7,721.0,8.0,0.0,0.0,0.0,0.0,0.0,0.0,0.0,0.0,0.0,0.0,0.0,0.0,0.0,1.0,0.0,0.0,0.0,0.0,0.0,0.0,0.0,0.0,0.0,0.0,0.0,Matches,West Ham,
Angelo Ogbonna,it ITA,DF,35.0,11.0,7,635.0,7.1,0.0,0.0,0.0,0.0,0.0,0.0,1.0,0.0,0.0,0.0,0.0,0.0,2.0,4.0,0.0,0.0,0.0,0.0,0.0,0.0,0.01,0.0,0.01,0.01,0.01,Matches,West Ham,
Saïd Benrahma,dz ALG,"FW,MF",27.0,13.0,5,620.0,6.9,0.0,1.0,1.0,0.0,0.0,1.0,1.0,0.0,1.8,1.0,1.4,2.5,28.0,28.0,70.0,0.0,0.15,0.15,0.0,0.15,0.27,0.21,0.47,0.15,0.36,Matches,West Ham,
Ben Johnson,eng ENG,"DF,FW",23.0,14.0,4,544.0,6.0,0.0,0.0,0.0,0.0,0.0,0.0,1.0,0.0,0.2,0.2,0.0,0.2,17.0,22.0,33.0,0.0,0.0,0.0,0.0,0.0,0.03,0.0,0.03,0.03,0.03,Matches,West Ham,
Aaron Cresswell,eng ENG,"DF,FW",33.0,11.0,4,436.0,4.8,0.0,0.0,0.0,0.0,0.0,0.0,1.0,0.0,0.0,0.0,0.4,0.4,4.0,26.0,6.0,0.0,0.0,0.0,0.0,0.0,0.0,0.09,0.09,0.0,0.09,Matches,West Ham,
Pablo Fornals,es ESP,"MF,FW",27.0,15.0,4,426.0,4.7,0.0,0.0,0.0,0.0,0.0,0.0,0.0,0.0,0.3,0.3,0.3,0.6,4.0,29.0,27.0,0.0,0.0,0.0,0.0,0.0,0.07,0.07,0.13,0.07,0.13,Matches,West Ham,
Danny Ings,eng ENG,FW,31.0,20.0,3,404.0,4.5,1.0,0.0,1.0,1.0,0.0,0.0,1.0,0.0,1.3,1.3,0.3,1.5,7.0,8.0,29.0,0.22,0.0,0.22,0.22,0.22,0.28,0.06,0.34,0.28,0.34,Matches,West Ham,
Kalvin Phillips,eng ENG,MF,27.0,8.0,3,309.0,3.4,0.0,0.0,0.0,0.0,0.0,0.0,3.0,1.0,0.1,0.1,0.0,0.1,3.0,19.0,4.0,0.0,0.0,0.0,0.0,0.0,0.02,0.0,0.02,0.02,0.02,Matches,West Ham,
Maxwel Cornet,ci CIV,"MF,FW",26.0,7.0,1,112.0,1.2,1.0,0.0,1.0,1.0,0.0,0.0,0.0,0.0,0.4,0.4,0.2,0.6,3.0,2.0,8.0,0.8,0.0,0.8,0.8,0.8,0.32,0.13,0.46,0.32,0.46,Matches,West Ham,
Divin Mubama,eng ENG,FW,18.0,5.0,0,80.0,0.9,0.0,0.0,0.0,0.0,0.0,0.0,0.0,0.0,0.1,0.1,0.0,0.1,0.0,0.0,5.0,0.0,0.0,0.0,0.0,0.0,0.17,0.0,0.17,0.17,0.17,Matches,West Ham,
George Earthy,eng ENG,FW,18.0,3.0,0,34.0,0.4,1.0,0.0,1.0,1.0,0.0,0.0,0.0,0.0,0.3,0.3,0.0,0.3,0.0,1.0,3.0,2.65,0.0,2.65,2.65,2.65,0.82,0.0,0.82,0.82,0.82,Matches,West Ham,
Thilo Kehrer,de GER,"DF,MF",26.0,4.0,0,22.0,0.2,0.0,0.0,0.0,0.0,0.0,0.0,2.0,0.0,0.0,0.0,0.0,0.0,0.0,1.0,1.0,0.0,0.0,0.0,0.0,0.0,0.0,0.0,0.0,0.0,0.0,Matches,West Ham,
Kaelan Casey,eng ENG,DF,18.0,1.0,0,1.0,0.0,0.0,0.0,0.0,0.0,0.0,0.0,0.0,0.0,0.0,0.0,0.0,0.0,0.0,0.0,0.0,0.0,0.0,0.0,0.0,0.0,0.0,0.0,0.0,0.0,0.0,Matches,West Ham,
Joseph Anang,eng ENG,GK,23.0,0.0,0,,,,,,,,,,,,,,,,,,,,,,,,,,,,Matches,West Ham,
Conor Coventry,ie IRL,MF,23.0,0.0,0,,,,,,,,,,,,,,,,,,,,,,,,,,,,Matches,West Ham,
Levi Laing,eng ENG,DF,20.0,0.0,0,,,,,,,,,,,,,,,,,,,,,,,,,,,,Matches,West Ham,
Callum Marshall,nir NIR,FW,18.0,0.0,0,,,,,,,,,,,,,,,,,,,,,,,,,,,,Matches,West Ham,
Lewis Orford,eng ENG,MF,17.0,0.0,0,,,,,,,,,,,,,,,,,,,,,,,,,,,,Matches,West Ham,
Oliver Scarles,eng ENG,MF,17.0,0.0,0,,,,,,,,,,,,,,,,,,,,,,,,,,,,Matches,West Ham,
Squad Total,,,28.3,38.0,418,3420.0,38.0,58.0,40.0,98.0,54.0,4.0,5.0,82.0,3.0,52.3,48.4,34.8,83.2,556.0,1207.0,1192.0,1.53,1.05,2.58,1.42,2.47,1.38,0.92,2.29,1.27,2.19,,West Ham,
Opponent Total,,,26.1,38.0,418,3420.0,38.0,70.0,51.0,121.0,62.0,8.0,10.0,71.0,2.0,71.1,63.2,51.1,114.3,963.0,2015.0,2004.0,1.84,1.34,3.18,1.63,2.97,1.87,1.35,3.22,1.66,3.01,,West Ham,
Joachim Andersen,dk DEN,DF,27.0,38.0,38,3415.0,37.9,2.0,3.0,5.0,2.0,0.0,0.0,7.0,0.0,1.7,1.7,2.8,4.5,21.0,147.0,10.0,0.05,0.08,0.13,0.05,0.13,0.04,0.07,0.12,0.04,0.12,Matches,Crystal Palace,
Tyrick Mitchell,eng ENG,"DF,MF",23.0,37.0,37,3204.0,35.6,2.0,3.0,5.0,2.0,0.0,0.0,6.0,0.0,1.6,1.6,2.8,4.4,32.0,94.0,159.0,0.06,0.08,0.14,0.06,0.14,0.04,0.08,0.12,0.04,0.12,Matches,Crystal Palace,
Jordan Ayew,gh GHA,"FW,MF",31.0,35.0,30,2543.0,28.3,4.0,7.0,11.0,4.0,0.0,0.0,9.0,1.0,3.9,3.9,4.2,8.1,74.0,63.0,173.0,0.14,0.25,0.39,0.14,0.39,0.14,0.15,0.29,0.14,0.29,Matches,Crystal Palace,
Jefferson Lerma,co COL,"MF,DF",28.0,28.0,27,2400.0,26.7,1.0,1.0,2.0,1.0,0.0,0.0,8.0,0.0,2.7,2.7,2.2,4.8,14.0,106.0,51.0,0.04,0.04,0.07,0.04,0.07,0.1,0.08,0.18,0.1,0.18,Matches,Crystal Palace,
Jean-Philippe Mateta,fr FRA,FW,26.0,35.0,25,2282.0,25.4,16.0,5.0,21.0,14.0,2.0,2.0,3.0,0.0,10.9,9.4,3.1,12.5,29.0,25.0,135.0,0.63,0.2,0.83,0.55,0.75,0.43,0.12,0.56,0.37,0.49,Matches,Crystal Palace,
Eberechi Eze,eng ENG,"MF,FW",25.0,27.0,24,2055.0,22.8,11.0,4.0,15.0,10.0,1.0,1.0,3.0,0.0,9.1,8.3,5.2,13.5,68.0,93.0,139.0,0.48,0.18,0.66,0.44,0.61,0.4,0.23,0.62,0.36,0.59,Matches,Crystal Palace,
Chris Richards,us USA,"DF,MF",23.0,26.0,23,2094.0,23.3,1.0,1.0,2.0,1.0,0.0,0.0,3.0,0.0,0.6,0.6,0.4,1.0,1.0,43.0,1.0,0.04,0.04,0.09,0.04,0.09,0.03,0.02,0.04,0.03,0.04,Matches,Crystal Palace,
Marc Guéhi,eng ENG,DF,23.0,25.0,23,2021.0,22.5,0.0,1.0,1.0,0.0,0.0,0.0,2.0,0.0,0.6,0.6,0.6,1.2,15.0,67.0,7.0,0.0,0.04,0.04,0.0,0.04,0.03,0.03,0.05,0.03,0.05,Matches,Crystal Palace,
Joel Ward,eng ENG,DF,33.0,26.0,23,1980.0,22.0,0.0,1.0,1.0,0.0,0.0,0.0,4.0,0.0,0.9,0.9,0.2,1.1,16.0,66.0,14.0,0.0,0.05,0.05,0.0,0.05,0.04,0.01,0.05,0.04,0.05,Matches,Crystal Palace,
Will Hughes,eng ENG,MF,28.0,30.0,23,1891.0,21.0,0.0,1.0,1.0,0.0,0.0,0.0,6.0,0.0,0.3,0.3,1.1,1.5,14.0,76.0,17.0,0.0,0.05,0.05,0.0,0.05,0.02,0.05,0.07,0.02,0.07,Matches,Crystal Palace,
Sam Johnstone,eng ENG,GK,30.0,20.0,20,1796.0,20.0,0.0,0.0,0.0,0.0,0.0,0.0,1.0,0.0,0.0,0.0,0.0,0.0,0.0,0.0,0.0,0.0,0.0,0.0,0.0,0.0,0.0,0.0,0.0,0.0,0.0,Matches,Crystal Palace,
Dean Henderson,eng ENG,GK,26.0,18.0,18,1620.0,18.0,0.0,0.0,0.0,0.0,0.0,0.0,2.0,0.0,0.0,0.0,0.0,0.0,0.0,0.0,0.0,0.0,0.0,0.0,0.0,0.0,0.0,0.0,0.0,0.0,0.0,Matches,Crystal Palace,
Odsonne Édouard,fr FRA,"FW,MF",25.0,30.0,17,1555.0,17.3,7.0,0.0,7.0,7.0,0.0,0.0,4.0,0.0,6.2,6.2,1.2,7.4,33.0,36.0,100.0,0.41,0.0,0.41,0.41,0.41,0.36,0.07,0.43,0.36,0.43,Matches,Crystal Palace,
Jeffrey Schlupp,gh GHA,"FW,MF",30.0,29.0,17,1352.0,15.0,2.0,2.0,4.0,2.0,0.0,0.0,1.0,0.0,1.8,1.8,2.3,4.1,20.0,33.0,52.0,0.13,0.13,0.27,0.13,0.27,0.12,0.15,0.27,0.12,0.27,Matches,Crystal Palace,
Daniel Muñoz,co COL,"DF,MF",27.0,16.0,16,1439.0,16.0,0.0,4.0,4.0,0.0,0.0,0.0,4.0,0.0,1.2,1.2,2.4,3.7,25.0,38.0,80.0,0.0,0.25,0.25,0.0,0.25,0.08,0.15,0.23,0.08,0.23,Matches,Crystal Palace,
Adam Wharton,eng ENG,MF,19.0,16.0,15,1297.0,14.4,0.0,3.0,3.0,0.0,0.0,0.0,2.0,0.0,0.3,0.3,2.4,2.8,14.0,79.0,10.0,0.0,0.21,0.21,0.0,0.21,0.02,0.17,0.19,0.02,0.19,Matches,Crystal Palace,
Nathaniel Clyne,eng ENG,DF,32.0,19.0,14,1338.0,14.9,0.0,0.0,0.0,0.0,0.0,0.0,0.0,0.0,0.2,0.2,0.2,0.4,10.0,33.0,18.0,0.0,0.0,0.0,0.0,0.0,0.01,0.01,0.03,0.01,0.03,Matches,Crystal Palace,
Michael Olise,fr FRA,"FW,MF",21.0,19.0,14,1275.0,14.2,10.0,6.0,16.0,9.0,1.0,1.0,0.0,0.0,5.5,4.7,5.8,10.5,68.0,78.0,134.0,0.71,0.42,1.13,0.64,1.06,0.39,0.41,0.8,0.33,0.74,Matches,Crystal Palace,
Cheick Doucouré,ml MLI,MF,23.0,11.0,11,919.0,10.2,0.0,0.0,0.0,0.0,0.0,0.0,2.0,0.0,0.3,0.3,0.7,1.0,9.0,49.0,5.0,0.0,0.0,0.0,0.0,0.0,0.03,0.07,0.1,0.03,0.1,Matches,Crystal Palace,
Jaïro Riedewald,nl NED,"MF,FW",26.0,9.0,2,235.0,2.6,0.0,0.0,0.0,0.0,0.0,0.0,0.0,0.0,0.0,0.0,0.0,0.0,3.0,10.0,3.0,0.0,0.0,0.0,0.0,0.0,0.01,0.0,0.01,0.01,0.01,Matches,Crystal Palace,
Matheus França,br BRA,"MF,FW",19.0,10.0,1,232.0,2.6,0.0,1.0,1.0,0.0,0.0,0.0,1.0,0.0,0.4,0.4,0.9,1.2,12.0,8.0,12.0,0.0,0.39,0.39,0.0,0.39,0.14,0.34,0.48,0.14,0.48,Matches,Crystal Palace,
Naouirou Ahamada,fr FRA,"MF,FW",21.0,20.0,0,349.0,3.9,0.0,0.0,0.0,0.0,0.0,0.0,4.0,1.0,0.5,0.5,0.0,0.5,19.0,25.0,20.0,0.0,0.0,0.0,0.0,0.0,0.13,0.01,0.13,0.13,0.13,Matches,Crystal Palace,
David Ozoh,eng ENG,"MF,DF",18.0,9.0,0,156.0,1.7,0.0,0.0,0.0,0.0,0.0,0.0,1.0,0.0,0.0,0.0,0.0,0.0,2.0,4.0,3.0,0.0,0.0,0.0,0.0,0.0,0.0,0.0,0.0,0.0,0.0,Matches,Crystal Palace,
Jesurun Rak Sakyi,eng ENG,"MF,FW",20.0,6.0,0,136.0,1.5,0.0,0.0,0.0,0.0,0.0,0.0,0.0,0.0,0.4,0.4,0.2,0.6,7.0,2.0,18.0,0.0,0.0,0.0,0.0,0.0,0.28,0.1,0.38,0.28,0.38,Matches,Crystal Palace,
James Tomkins,eng ENG,DF,34.0,4.0,0,10.0,0.1,0.0,0.0,0.0,0.0,0.0,0.0,0.0,0.0,0.0,0.0,0.0,0.0,0.0,1.0,0.0,0.0,0.0,0.0,0.0,0.0,0.0,0.0,0.0,0.0,0.0,Matches,Crystal Palace,
Remi Matthews,eng ENG,GK,29.0,1.0,0,4.0,0.0,0.0,0.0,0.0,0.0,0.0,0.0,0.0,0.0,0.0,0.0,0.0,0.0,0.0,0.0,0.0,0.0,0.0,0.0,0.0,0.0,0.0,0.0,0.0,0.0,0.0,Matches,Crystal Palace,
Tayo Adaramola,ie IRL,DF,19.0,0.0,0,,,,,,,,,,,,,,,,,,,,,,,,,,,,Matches,Crystal Palace,
Malcolm Ebiowei,eng ENG,MF,19.0,0.0,0,,,,,,,,,,,,,,,,,,,,,,,,,,,,Matches,Crystal Palace,
John-Kymani Gordon,eng ENG,"FW,MF",20.0,0.0,0,,,,,,,,,,,,,,,,,,,,,,,,,,,,Matches,Crystal Palace,
Rob Holding,eng ENG,DF,27.0,0.0,0,,,,,,,,,,,,,,,,,,,,,,,,,,,,Matches,Crystal Palace,
Roshaun Mathurin,eng ENG,FW,19.0,0.0,0,,,,,,,,,,,,,,,,,,,,,,,,,,,,Matches,Crystal Palace,
Ademola Ola-Adebomi,eng ENG,FW,19.0,0.0,0,,,,,,,,,,,,,,,,,,,,,,,,,,,,Matches,Crystal Palace,
Luke Plange,eng ENG,FW,20.0,0.0,0,,,,,,,,,,,,,,,,,,,,,,,,,,,,Matches,Crystal Palace,
Jadan Raymond,wls WAL,MF,19.0,0.0,0,,,,,,,,,,,,,,,,,,,,,,,,,,,,Matches,Crystal Palace,
Kaden Rodney,eng ENG,DF,18.0,0.0,0,,,,,,,,,,,,,,,,,,,,,,,,,,,,Matches,Crystal Palace,
Franco Umeh-Chibueze,ie IRL,MF,18.0,0.0,0,,,,,,,,,,,,,,,,,,,,,,,,,,,,Matches,Crystal Palace,
Joseph Whitworth,eng ENG,GK,19.0,0.0,0,,,,,,,,,,,,,,,,,,,,,,,,,,,,Matches,Crystal Palace,
Squad Total,,,26.7,38.0,418,3420.0,38.0,56.0,43.0,99.0,52.0,4.0,4.0,73.0,2.0,48.6,45.4,38.7,84.1,506.0,1176.0,1161.0,1.47,1.13,2.61,1.37,2.5,1.28,1.02,2.3,1.2,2.21,,Crystal Palace,
Opponent Total,,,26.3,38.0,418,3420.0,38.0,56.0,46.0,102.0,53.0,3.0,3.0,78.0,2.0,52.0,49.6,40.3,89.9,679.0,1713.0,1694.0,1.47,1.21,2.68,1.39,2.61,1.37,1.06,2.43,1.31,2.37,,Crystal Palace,
